<?xml version = '1.0' encoding = 'UTF-8'?>
<Entity class="oracle.dbtools.crest.model.design.logical.Entity" directorySegmentName="seg_0" id="57F2C377-058F-D5BD-A08E-8CFC054D234A" name="RESIDENTES">
<createdBy>esteb</createdBy>
<createdTime>2025-08-29 20:52:57 UTC</createdTime>
<ownerDesignName>Exp1_S3_Esteban_Garay</ownerDesignName>
<engineerTo>
<item key="7646B723-33A7-74D6-AE69-98785A87AA7B" value="true"/>
</engineerTo>
<adequatelyNormalized>NO</adequatelyNormalized>
<expectedVolumes>0</expectedVolumes>
<fwdEngineeringStrategyName>Single Table</fwdEngineeringStrategyName>
<growthPercent>0</growthPercent>
<growthType>Year</growthType>
<maxVolumes>9999999</maxVolumes>
<minVolumes>0</minVolumes>
<normalForm>Third</normalForm>
<attributes itemClass="oracle.dbtools.crest.model.design.logical.Attribute">
<Attribute name="rut" id="CCF9DFA2-AD8E-0BE8-2774-F525C81109AF">
<createdBy>esteb</createdBy>
<createdTime>2025-08-29 20:58:05 UTC</createdTime>
<ownerDesignName>Exp1_S3_Esteban_Garay</ownerDesignName>
<engineerTo>
<item key="7646B723-33A7-74D6-AE69-98785A87AA7B" value="true"/>
</engineerTo>
<useDomainConstraints>false</useDomainConstraints>
<use>1</use>
<logicalDatatype>LOGDT024</logicalDatatype>
<dataTypeSize>10 CHAR</dataTypeSize>
<ownDataTypeParameters>10 CHAR,,</ownDataTypeParameters>
</Attribute>
<Attribute name="nombre" id="7E61459F-5F5F-754E-CA50-36D9D35C5F10">
<createdBy>esteb</createdBy>
<createdTime>2025-08-29 20:58:42 UTC</createdTime>
<ownerDesignName>Exp1_S3_Esteban_Garay</ownerDesignName>
<engineerTo>
<item key="7646B723-33A7-74D6-AE69-98785A87AA7B" value="true"/>
</engineerTo>
<useDomainConstraints>false</useDomainConstraints>
<use>1</use>
<logicalDatatype>LOGDT024</logicalDatatype>
<dataTypeSize>100 CHAR</dataTypeSize>
<ownDataTypeParameters>100 CHAR,,</ownDataTypeParameters>
</Attribute>
<Attribute name="edad " id="87995176-54CA-8324-2894-E58B7D227013">
<createdBy>esteb</createdBy>
<createdTime>2025-08-29 20:59:14 UTC</createdTime>
<ownerDesignName>Exp1_S3_Esteban_Garay</ownerDesignName>
<engineerTo>
<item key="7646B723-33A7-74D6-AE69-98785A87AA7B" value="true"/>
</engineerTo>
<useDomainConstraints>false</useDomainConstraints>
<use>1</use>
<logicalDatatype>LOGDT019</logicalDatatype>
<ownDataTypeParameters>,,</ownDataTypeParameters>
</Attribute>
<Attribute name="autonomia" id="1CAE0F41-7BA7-2961-264C-D4A9296893EE">
<createdBy>esteb</createdBy>
<createdTime>2025-08-29 20:59:38 UTC</createdTime>
<ownerDesignName>Exp1_S3_Esteban_Garay</ownerDesignName>
<engineerTo>
<item key="7646B723-33A7-74D6-AE69-98785A87AA7B" value="true"/>
</engineerTo>
<useDomainConstraints>false</useDomainConstraints>
<use>1</use>
<logicalDatatype>LOGDT024</logicalDatatype>
<dataTypeSize>100 CHAR</dataTypeSize>
<ownDataTypeParameters>100 CHAR,,</ownDataTypeParameters>
</Attribute>
<Attribute name="id_contrato" id="A31143FF-2FBF-0ACB-C134-95072DB52959">
<createdBy>esteb</createdBy>
<createdTime>2025-08-30 20:17:09 UTC</createdTime>
<generatorID>71796527-F0F9-2EB2-E7C3-7CFDD4039B67</generatorID>
<ownerDesignName>Exp1_S3_Esteban_Garay</ownerDesignName>
<engineerTo>
<item key="7646B723-33A7-74D6-AE69-98785A87AA7B" value="true"/>
</engineerTo>
<referedAttribute>04752BDC-EE8F-52C3-A478-AA05F07488D4</referedAttribute>
<useDomainConstraints>false</useDomainConstraints>
<use>1</use>
<logicalDatatype>LOGDT024</logicalDatatype>
<dataTypeSize>10 CHAR</dataTypeSize>
<ownDataTypeParameters>10 CHAR,,</ownDataTypeParameters>
</Attribute>
<Attribute name="rut1" id="76CAB941-2B92-463A-47EC-3CAC71041C8F">
<createdBy>esteb</createdBy>
<createdTime>2025-08-30 20:24:40 UTC</createdTime>
<generatorID>B14BBA90-ADF5-1185-DF1B-E00F4A95B642</generatorID>
<ownerDesignName>Exp1_S3_Esteban_Garay</ownerDesignName>
<engineerTo>
<item key="7646B723-33A7-74D6-AE69-98785A87AA7B" value="true"/>
</engineerTo>
<referedAttribute>CCF9DFA2-AD8E-0BE8-2774-F525C81109AF</referedAttribute>
<useDomainConstraints>false</useDomainConstraints>
<use>1</use>
<logicalDatatype>LOGDT024</logicalDatatype>
<dataTypeSize>10 CHAR</dataTypeSize>
<ownDataTypeParameters>10 CHAR,,</ownDataTypeParameters>
</Attribute>
<Attribute name="id_identificador" id="F1205100-99CF-95A1-D4C9-E991B2D94EE5">
<createdBy>esteb</createdBy>
<createdTime>2025-08-31 21:42:36 UTC</createdTime>
<generatorID>59241077-F006-B5A5-FF3A-BC5A5E4252D8</generatorID>
<ownerDesignName>Exp1_S3_Esteban_Garay</ownerDesignName>
<engineerTo>
<item key="7646B723-33A7-74D6-AE69-98785A87AA7B" value="true"/>
</engineerTo>
<nullsAllowed>true</nullsAllowed>
<referedAttribute>0ADC55CF-C7D4-B8AD-3065-7FD9CA52DC94</referedAttribute>
<useDomainConstraints>false</useDomainConstraints>
<use>1</use>
<logicalDatatype>LOGDT019</logicalDatatype>
<ownDataTypeParameters>,,</ownDataTypeParameters>
</Attribute>
<Attribute name="id_aenxo" id="1B6D895B-BDA0-F387-9FD0-35E94908E0DE">
<createdBy>esteb</createdBy>
<createdTime>2025-08-31 21:46:19 UTC</createdTime>
<generatorID>DC265DA3-1B9E-1A38-D0CB-98299A6655E4</generatorID>
<ownerDesignName>Exp1_S3_Esteban_Garay</ownerDesignName>
<engineerTo>
<item key="7646B723-33A7-74D6-AE69-98785A87AA7B" value="true"/>
</engineerTo>
<nullsAllowed>true</nullsAllowed>
<referedAttribute>BCBFE6E5-FCB1-AF7F-4095-4A7284FC025B</referedAttribute>
<useDomainConstraints>false</useDomainConstraints>
<use>1</use>
<logicalDatatype>LOGDT024</logicalDatatype>
<dataTypeSize>10 CHAR</dataTypeSize>
<ownDataTypeParameters>,,</ownDataTypeParameters>
</Attribute>
</attributes>
<identifiers itemClass="oracle.dbtools.crest.model.design.logical.CandidateKey">
<identifier id="0CB3C25F-5C2A-E480-68D8-C185D92BFEAE" name="RESIDENTES PK">
<createdBy>esteb</createdBy>
<createdTime>2025-08-29 20:58:35 UTC</createdTime>
<ownerDesignName>Exp1_S3_Esteban_Garay</ownerDesignName>
<engineerTo>
<item key="7646B723-33A7-74D6-AE69-98785A87AA7B" value="true"/>
</engineerTo>
<pk>true</pk>
<usedAttributes>
<attributeRef>CCF9DFA2-AD8E-0BE8-2774-F525C81109AF</attributeRef>
</usedAttributes>
</identifier>
</identifiers>
</Entity>
