<?xml version = '1.0' encoding = 'UTF-8'?>
<Entity class="oracle.dbtools.crest.model.design.logical.Entity" directorySegmentName="seg_0" id="7E7D357F-4BB0-F71E-374B-FC07B5FC99FA" name="HABITACIÓN">
<createdBy>esteb</createdBy>
<createdTime>2025-08-29 20:53:32 UTC</createdTime>
<ownerDesignName>Exp1_S3_Esteban_Garay</ownerDesignName>
<engineerTo>
<item key="7646B723-33A7-74D6-AE69-98785A87AA7B" value="true"/>
</engineerTo>
<adequatelyNormalized>NO</adequatelyNormalized>
<expectedVolumes>0</expectedVolumes>
<fwdEngineeringStrategyName>Single Table</fwdEngineeringStrategyName>
<growthPercent>0</growthPercent>
<growthType>Year</growthType>
<maxVolumes>9999999</maxVolumes>
<minVolumes>0</minVolumes>
<normalForm>Third</normalForm>
<attributes itemClass="oracle.dbtools.crest.model.design.logical.Attribute">
<Attribute name="numero_habitacion" id="51EE221A-D04E-B6AF-4968-7FB6D642B5F4">
<createdBy>esteb</createdBy>
<createdTime>2025-08-29 21:07:52 UTC</createdTime>
<ownerDesignName>Exp1_S3_Esteban_Garay</ownerDesignName>
<engineerTo>
<item key="7646B723-33A7-74D6-AE69-98785A87AA7B" value="true"/>
</engineerTo>
<useDomainConstraints>false</useDomainConstraints>
<use>1</use>
<logicalDatatype>LOGDT019</logicalDatatype>
<ownDataTypeParameters>,,</ownDataTypeParameters>
</Attribute>
<Attribute name="tipo" id="9825BD78-8B1E-FFA7-4AA5-7225B719CB71">
<createdBy>esteb</createdBy>
<createdTime>2025-08-29 21:08:35 UTC</createdTime>
<ownerDesignName>Exp1_S3_Esteban_Garay</ownerDesignName>
<engineerTo>
<item key="7646B723-33A7-74D6-AE69-98785A87AA7B" value="true"/>
</engineerTo>
<useDomainConstraints>false</useDomainConstraints>
<use>1</use>
<logicalDatatype>LOGDT024</logicalDatatype>
<ownDataTypeParameters>,,</ownDataTypeParameters>
</Attribute>
<Attribute name="rut" id="E69AC723-5C58-3587-290B-1794285AD783">
<createdBy>esteb</createdBy>
<createdTime>2025-08-30 20:30:47 UTC</createdTime>
<generatorID>6D4D9194-1361-1F46-3874-2158F3A15582</generatorID>
<ownerDesignName>Exp1_S3_Esteban_Garay</ownerDesignName>
<engineerTo>
<item key="7646B723-33A7-74D6-AE69-98785A87AA7B" value="true"/>
</engineerTo>
<referedAttribute>CCF9DFA2-AD8E-0BE8-2774-F525C81109AF</referedAttribute>
<useDomainConstraints>false</useDomainConstraints>
<use>1</use>
<logicalDatatype>LOGDT024</logicalDatatype>
<dataTypeSize>10 CHAR</dataTypeSize>
<ownDataTypeParameters>,,</ownDataTypeParameters>
</Attribute>
<Attribute name="id_residencia" id="237C7AA8-01A6-3301-49D0-4719529D4C25">
<createdBy>esteb</createdBy>
<createdTime>2025-08-30 20:31:50 UTC</createdTime>
<generatorID>A6607584-C870-5F49-1F43-2E996FB15077</generatorID>
<ownerDesignName>Exp1_S3_Esteban_Garay</ownerDesignName>
<engineerTo>
<item key="7646B723-33A7-74D6-AE69-98785A87AA7B" value="true"/>
</engineerTo>
<referedAttribute>7F0F7A33-0B40-F83C-CD7C-4B5C3D625D0A</referedAttribute>
<useDomainConstraints>false</useDomainConstraints>
<use>1</use>
<logicalDatatype>LOGDT019</logicalDatatype>
<ownDataTypeParameters>,,</ownDataTypeParameters>
</Attribute>
</attributes>
<identifiers itemClass="oracle.dbtools.crest.model.design.logical.CandidateKey">
<identifier id="786B2904-1C3A-73B0-BD33-6DB2683CAC1B" name="HABITACIÓN PK">
<createdBy>esteb</createdBy>
<createdTime>2025-08-29 21:08:15 UTC</createdTime>
<ownerDesignName>Exp1_S3_Esteban_Garay</ownerDesignName>
<engineerTo>
<item key="7646B723-33A7-74D6-AE69-98785A87AA7B" value="true"/>
</engineerTo>
<pk>true</pk>
<usedAttributes>
<attributeRef>51EE221A-D04E-B6AF-4968-7FB6D642B5F4</attributeRef>
</usedAttributes>
</identifier>
</identifiers>
</Entity>
