<?xml version = '1.0' encoding = 'UTF-8'?>
<Entity class="oracle.dbtools.crest.model.design.logical.Entity" directorySegmentName="seg_0" id="9BF55F1E-6391-49DC-5E41-F6958CC77C8B" name="RESIDENCIA">
<createdBy>esteb</createdBy>
<createdTime>2025-08-29 20:52:44 UTC</createdTime>
<ownerDesignName>Exp1_S3_Esteban_Garay</ownerDesignName>
<engineerTo>
<item key="7646B723-33A7-74D6-AE69-98785A87AA7B" value="true"/>
</engineerTo>
<adequatelyNormalized>NO</adequatelyNormalized>
<expectedVolumes>0</expectedVolumes>
<fwdEngineeringStrategyName>Single Table</fwdEngineeringStrategyName>
<growthPercent>0</growthPercent>
<growthType>Year</growthType>
<maxVolumes>9999999</maxVolumes>
<minVolumes>0</minVolumes>
<normalForm>Third</normalForm>
<attributes itemClass="oracle.dbtools.crest.model.design.logical.Attribute">
<Attribute name="id_residencia" id="7F0F7A33-0B40-F83C-CD7C-4B5C3D625D0A">
<createdBy>esteb</createdBy>
<createdTime>2025-08-29 21:09:07 UTC</createdTime>
<ownerDesignName>Exp1_S3_Esteban_Garay</ownerDesignName>
<engineerTo>
<item key="7646B723-33A7-74D6-AE69-98785A87AA7B" value="true"/>
</engineerTo>
<useDomainConstraints>false</useDomainConstraints>
<use>1</use>
<logicalDatatype>LOGDT019</logicalDatatype>
<ownDataTypeParameters>,,</ownDataTypeParameters>
</Attribute>
<Attribute name="nombre_resi" id="0E2B1A8F-3C31-4899-DD7F-F84E1C45AC82">
<createdBy>esteb</createdBy>
<createdTime>2025-08-29 21:09:27 UTC</createdTime>
<ownerDesignName>Exp1_S3_Esteban_Garay</ownerDesignName>
<engineerTo>
<item key="7646B723-33A7-74D6-AE69-98785A87AA7B" value="true"/>
</engineerTo>
<useDomainConstraints>false</useDomainConstraints>
<use>1</use>
<logicalDatatype>LOGDT024</logicalDatatype>
<dataTypeSize>100 CHAR</dataTypeSize>
<ownDataTypeParameters>100 CHAR,,</ownDataTypeParameters>
</Attribute>
<Attribute name="id_comuna" id="96304634-E80C-C969-81B6-6E9B48E42A9F">
<createdBy>esteb</createdBy>
<createdTime>2025-08-29 21:40:29 UTC</createdTime>
<generatorID>BC51474C-313D-93DF-C156-DA1124020EDC</generatorID>
<ownerDesignName>Exp1_S3_Esteban_Garay</ownerDesignName>
<engineerTo>
<item key="7646B723-33A7-74D6-AE69-98785A87AA7B" value="true"/>
</engineerTo>
<nullsAllowed>true</nullsAllowed>
<referedAttribute>1052F6E4-FB73-4806-05DB-53FE12724BFF</referedAttribute>
<useDomainConstraints>false</useDomainConstraints>
<use>1</use>
<logicalDatatype>LOGDT019</logicalDatatype>
<ownDataTypeParameters>,,</ownDataTypeParameters>
</Attribute>
</attributes>
<identifiers itemClass="oracle.dbtools.crest.model.design.logical.CandidateKey">
<identifier id="63B9DCF0-7FA4-A0A3-257E-D81861769753" name="RESIDENCIA PK">
<createdBy>esteb</createdBy>
<createdTime>2025-08-29 21:09:17 UTC</createdTime>
<ownerDesignName>Exp1_S3_Esteban_Garay</ownerDesignName>
<engineerTo>
<item key="7646B723-33A7-74D6-AE69-98785A87AA7B" value="true"/>
</engineerTo>
<pk>true</pk>
<usedAttributes>
<attributeRef>7F0F7A33-0B40-F83C-CD7C-4B5C3D625D0A</attributeRef>
</usedAttributes>
</identifier>
</identifiers>
</Entity>
