<?xml version = '1.0' encoding = 'UTF-8'?>
<Relation class="oracle.dbtools.crest.model.design.logical.InheritanceRelation" name="Hierarchy_3" directorySegmentName="seg_0" id="176E727D-3251-9389-45E4-989692846688">
<createdBy>esteb</createdBy>
<createdTime>2025-09-15 19:14:49 UTC</createdTime>
<ownerDesignName>sumativa2_modelo_relacional</ownerDesignName>
<engineerTo>
<item key="07A8347A-AA38-52A3-D4B1-372680C066B8" value="true"/>
</engineerTo>
<arc>E54BF344-1115-24EE-D309-9F00089015D8</arc>
<identifying>false</identifying>
<nameOnSource>Super Type</nameOnSource>
<nameOnTarget>Sub Type</nameOnTarget>
<optionalSource>true</optionalSource>
<optionalTarget>true</optionalTarget>
<sourceEntity>621B27EB-F1D4-1EF5-A75B-A1E11DAC210A</sourceEntity>
<targetEntity>E65895BC-8042-11F4-4A41-75CF2F7C380F</targetEntity>
<transferable>true</transferable>
<deleteRule>NO ACTION</deleteRule>
</Relation>
