<?xml version = '1.0' encoding = 'UTF-8'?>
<Relation class="oracle.dbtools.crest.model.design.logical.InheritanceRelation" name="Hierarchy_1" directorySegmentName="seg_0" id="2697CFE2-C0B6-A0A8-4B1E-97DC43B25CBD">
<createdBy>esteb</createdBy>
<createdTime>2025-09-15 19:14:20 UTC</createdTime>
<ownerDesignName>sumativa2_modelo_relacional</ownerDesignName>
<engineerTo>
<item key="07A8347A-AA38-52A3-D4B1-372680C066B8" value="true"/>
</engineerTo>
<arc>E54BF344-1115-24EE-D309-9F00089015D8</arc>
<identifying>false</identifying>
<nameOnSource>Super Type</nameOnSource>
<nameOnTarget>Sub Type</nameOnTarget>
<optionalSource>true</optionalSource>
<optionalTarget>true</optionalTarget>
<sourceEntity>621B27EB-F1D4-1EF5-A75B-A1E11DAC210A</sourceEntity>
<targetEntity>D0773ABC-E875-D8DD-6DBF-73A990D4C3FC</targetEntity>
<transferable>true</transferable>
<deleteRule>NO ACTION</deleteRule>
</Relation>
