<?xml version = '1.0' encoding = 'UTF-8'?>
<Relation class="oracle.dbtools.crest.model.design.logical.InheritanceRelation" name="Hierarchy_2" directorySegmentName="seg_0" id="BE6BEAFE-D8B2-FA3A-53BD-83A26454503E">
<createdBy>esteb</createdBy>
<createdTime>2025-09-15 19:14:39 UTC</createdTime>
<ownerDesignName>sumativa2_modelo_relacional</ownerDesignName>
<engineerTo>
<item key="07A8347A-AA38-52A3-D4B1-372680C066B8" value="true"/>
</engineerTo>
<arc>E54BF344-1115-24EE-D309-9F00089015D8</arc>
<identifying>false</identifying>
<nameOnSource>Super Type</nameOnSource>
<nameOnTarget>Sub Type</nameOnTarget>
<optionalSource>true</optionalSource>
<optionalTarget>true</optionalTarget>
<sourceEntity>621B27EB-F1D4-1EF5-A75B-A1E11DAC210A</sourceEntity>
<targetEntity>41A7A914-CDC2-85B7-A243-B005847CFCE2</targetEntity>
<transferable>true</transferable>
<deleteRule>NO ACTION</deleteRule>
</Relation>
