<?xml version = '1.0' encoding = 'UTF-8'?>
<Arc class="oracle.dbtools.crest.model.design.logical.Arc" directorySegmentName="seg_0" id="E54BF344-1115-24EE-D309-9F00089015D8" name="Arc_1">
<createdBy>esteb</createdBy>
<createdTime>2025-09-15 19:15:27 UTC</createdTime>
<ownerDesignName>sumativa2_modelo_relacional</ownerDesignName>
<engineerTo>
<item key="07A8347A-AA38-52A3-D4B1-372680C066B8" value="true"/>
</engineerTo>
<entity>621B27EB-F1D4-1EF5-A75B-A1E11DAC210A</entity>
<relations>
<relationID>BE6BEAFE-D8B2-FA3A-53BD-83A26454503E</relationID>
<relationID>176E727D-3251-9389-45E4-989692846688</relationID>
<relationID>2697CFE2-C0B6-A0A8-4B1E-97DC43B25CBD</relationID>
</relations>
</Arc>
