<?xml version = '1.0' encoding = 'UTF-8'?>
<relationalModel class="oracle.dbtools.crest.model.design.relational.RelationalDesign" name="Relational_1" id="7646B723-33A7-74D6-AE69-98785A87AA7B" mainViewID="B8950919-B4DD-4634-C7AF-A92D55DE5F0A">
<createdBy>esteb</createdBy>
<createdTime>2025-08-29 20:48:45 UTC</createdTime>
<ownerDesignName>Exp1_S3_Esteban_Garay</ownerDesignName>
<shouldBeOpen>false</shouldBeOpen>
<selectedRDBMSSite>32076570-2523-435C-2E92-BF29817DFF70</selectedRDBMSSite>
</relationalModel>