<?xml version = '1.0' encoding = 'UTF-8'?>
<FKIndexAssociation class="oracle.dbtools.crest.model.design.relational.FKIndexAssociation" directorySegmentName="seg_0" id="065DCCC6-9A87-8685-E3AE-701458835739" containerWithKeyObject="BC22E50D-88BD-8D82-CB33-C06F2223940E" localFKIndex="F6D4C5B1-3A50-F09D-CD51-6D4605B03E55" name="PACIENTE_COMUNA_FK">
<createdBy>esteb</createdBy>
<createdTime>2025-09-15 18:59:14 UTC</createdTime>
<generatorID>8FD2CEF3-252F-810F-56AC-A596C571D22C</generatorID>
<ownerDesignName>sumativa2_modelo_relacional</ownerDesignName>
<referredTableLongName>COMUNA</referredTableLongName>
<deleteRule>NO ACTION</deleteRule>
<referredTableID>5683C5A5-3E77-0EFA-57BE-278A29DD6544</referredTableID>
<keyObject>2DD82DCF-C459-76C3-F51C-116C9A3AB043</keyObject>
<referredKeyID>2DD82DCF-C459-76C3-F51C-116C9A3AB043</referredKeyID>
<mandatory>true</mandatory>
<refColNames>id_comuna</refColNames>
<transferable>true</transferable>
<rely>false</rely>
<columnDependencyConstraintGenerateInDDL>true</columnDependencyConstraintGenerateInDDL>
</FKIndexAssociation>
