<?xml version = '1.0' encoding = 'UTF-8'?>
<FKIndexAssociation class="oracle.dbtools.crest.model.design.relational.FKIndexAssociation" directorySegmentName="seg_0" id="1B2EC07A-5A21-2565-AEA4-7F46FA5570CD" containerWithKeyObject="AD253441-06BD-4805-4C26-83EF1CA9A8E4" localFKIndex="88EA17CA-98AD-9EF3-C7BF-933BAD3944DB" name="FK_Relation_1_TIPO_ATENCION">
<createdBy>esteb</createdBy>
<createdTime>2025-09-15 18:59:14 UTC</createdTime>
<generatorID>CC7E9D23-72E2-AC54-B668-E94DD798C897</generatorID>
<ownerDesignName>sumativa2_modelo_relacional</ownerDesignName>
<referredTableLongName>TIPO_ATENCION</referredTableLongName>
<deleteRule>NO ACTION</deleteRule>
<referredTableID>DCBA211A-89FF-D167-3AAF-26AB005C565D</referredTableID>
<keyObject>7B5B4B4A-2783-04DE-5E0A-D1A2A1B71507</keyObject>
<referredKeyID>7B5B4B4A-2783-04DE-5E0A-D1A2A1B71507</referredKeyID>
<mandatory>true</mandatory>
<refColNames>id_tipo</refColNames>
<transferable>true</transferable>
<rely>false</rely>
<columnDependencyConstraintGenerateInDDL>true</columnDependencyConstraintGenerateInDDL>
</FKIndexAssociation>
