<?xml version = '1.0' encoding = 'UTF-8'?>
<FKIndexAssociation class="oracle.dbtools.crest.model.design.relational.FKIndexAssociation" directorySegmentName="seg_0" id="34BCF84B-94A7-D4A0-0A17-8CCA74B70C08" containerWithKeyObject="7836A60E-86BD-D737-5BA5-E8FADEEFD1D2" localFKIndex="4F6D7A36-C0BF-9BCF-7AF7-A7866734B653" name="ATENCION_MEDICA_MEDICO_FK">
<createdBy>esteb</createdBy>
<createdTime>2025-09-15 18:59:14 UTC</createdTime>
<generatorID>C710B95F-DA13-24C6-0C80-465DD44ECFF9</generatorID>
<ownerDesignName>sumativa2_modelo_relacional</ownerDesignName>
<referredTableLongName>MEDICO</referredTableLongName>
<deleteRule>NO ACTION</deleteRule>
<referredTableID>1D2B3ABF-FCF6-D150-2407-D5A3D1F0700A</referredTableID>
<keyObject>FF147B17-64BA-D4B0-5384-423C194F860E</keyObject>
<referredKeyID>FF147B17-64BA-D4B0-5384-423C194F860E</referredKeyID>
<mandatory>true</mandatory>
<refColNames>id_medico,INSTITUCION_SALUD_id_is</refColNames>
<transferable>true</transferable>
<rely>false</rely>
<columnDependencyConstraintGenerateInDDL>true</columnDependencyConstraintGenerateInDDL>
</FKIndexAssociation>
