<?xml version = '1.0' encoding = 'UTF-8'?>
<FKIndexAssociation class="oracle.dbtools.crest.model.design.relational.FKIndexAssociation" directorySegmentName="seg_0" id="3EB95DD4-12DA-B1D7-AECE-18903F0DAD7E" containerWithKeyObject="8F179B00-DFCA-450C-D2A8-8388678670EA" localFKIndex="1CCE9EFE-42B1-9503-39CB-4DFEBD731065" name="FK_Relation_14_EXAMENES_LABO">
<createdBy>esteb</createdBy>
<createdTime>2025-09-15 18:59:14 UTC</createdTime>
<generatorID>D84DF5B9-41A6-6972-3DE9-C1DBC287276E</generatorID>
<ownerDesignName>sumativa2_modelo_relacional</ownerDesignName>
<referredTableLongName>EXAMENES_LABO</referredTableLongName>
<deleteRule>NO ACTION</deleteRule>
<referredTableID>C84E00B4-8BE0-EB8D-4560-4BB6904784E4</referredTableID>
<keyObject>0C4CC80D-86F7-7B14-4FD8-15933A24537A</keyObject>
<referredKeyID>0C4CC80D-86F7-7B14-4FD8-15933A24537A</referredKeyID>
<mandatory>true</mandatory>
<refColNames>codigo</refColNames>
<transferable>true</transferable>
<rely>false</rely>
<columnDependencyConstraintGenerateInDDL>true</columnDependencyConstraintGenerateInDDL>
</FKIndexAssociation>
