<?xml version = '1.0' encoding = 'UTF-8'?>
<FKIndexAssociation class="oracle.dbtools.crest.model.design.relational.FKIndexAssociation" directorySegmentName="seg_0" id="48460F18-FB16-9070-DD72-151BE62961AB" containerWithKeyObject="8F179B00-DFCA-450C-D2A8-8388678670EA" localFKIndex="D4A3B2EA-B6BA-244D-BBCA-45A9A8390E02" name="FK_Relation_14_MEDICO">
<createdBy>esteb</createdBy>
<createdTime>2025-09-15 18:59:14 UTC</createdTime>
<generatorID>D84DF5B9-41A6-6972-3DE9-C1DBC287276E</generatorID>
<ownerDesignName>sumativa2_modelo_relacional</ownerDesignName>
<referredTableLongName>MEDICO</referredTableLongName>
<deleteRule>NO ACTION</deleteRule>
<referredTableID>1D2B3ABF-FCF6-D150-2407-D5A3D1F0700A</referredTableID>
<keyObject>FF147B17-64BA-D4B0-5384-423C194F860E</keyObject>
<referredKeyID>FF147B17-64BA-D4B0-5384-423C194F860E</referredKeyID>
<mandatory>true</mandatory>
<refColNames>id_medico,INSTITUCION_SALUD_id_is</refColNames>
<transferable>true</transferable>
<rely>false</rely>
<columnDependencyConstraintGenerateInDDL>true</columnDependencyConstraintGenerateInDDL>
</FKIndexAssociation>
