<?xml version = '1.0' encoding = 'UTF-8'?>
<FKIndexAssociation class="oracle.dbtools.crest.model.design.relational.FKIndexAssociation" directorySegmentName="seg_0" id="57544AD2-F239-5B8B-64C9-952E1CB1E7EC" containerWithKeyObject="1D2B3ABF-FCF6-D150-2407-D5A3D1F0700A" localFKIndex="C53C7D85-6451-81BD-7CDD-56AA368BCE4A" name="MEDICO_INSTITUCION_SALUD_FK">
<createdBy>esteb</createdBy>
<createdTime>2025-09-15 18:59:14 UTC</createdTime>
<generatorID>3E35A9F4-A98A-80DC-A6E3-945D11C2C070</generatorID>
<ownerDesignName>sumativa2_modelo_relacional</ownerDesignName>
<referredTableLongName>INSTITUCION_SALUD</referredTableLongName>
<deleteRule>NO ACTION</deleteRule>
<referredTableID>0D87F8B6-CA76-2B5D-857C-A0CD9C2F14D1</referredTableID>
<keyObject>E0F6A1FA-E890-949E-3BBC-111ACDDEAE5E</keyObject>
<referredKeyID>E0F6A1FA-E890-949E-3BBC-111ACDDEAE5E</referredKeyID>
<mandatory>true</mandatory>
<refColNames>id_is</refColNames>
<transferable>true</transferable>
<rely>false</rely>
<columnDependencyConstraintGenerateInDDL>true</columnDependencyConstraintGenerateInDDL>
</FKIndexAssociation>
