<?xml version = '1.0' encoding = 'UTF-8'?>
<FKIndexAssociation class="oracle.dbtools.crest.model.design.relational.FKIndexAssociation" directorySegmentName="seg_0" id="60E7F17C-CB5F-D0D2-5D67-BCDA9FB909C9" containerWithKeyObject="AD253441-06BD-4805-4C26-83EF1CA9A8E4" localFKIndex="C43D035B-228B-FAA5-F764-662610CA5F50" name="FK_Relation_1_ATENCION_MEDICA">
<createdBy>esteb</createdBy>
<createdTime>2025-09-15 18:59:14 UTC</createdTime>
<generatorID>CC7E9D23-72E2-AC54-B668-E94DD798C897</generatorID>
<ownerDesignName>sumativa2_modelo_relacional</ownerDesignName>
<referredTableLongName>ATENCION_MEDICA</referredTableLongName>
<deleteRule>NO ACTION</deleteRule>
<referredTableID>7836A60E-86BD-D737-5BA5-E8FADEEFD1D2</referredTableID>
<keyObject>6D727B6F-5C98-7E86-FB2D-F0F1CE8A1C51</keyObject>
<referredKeyID>6D727B6F-5C98-7E86-FB2D-F0F1CE8A1C51</referredKeyID>
<mandatory>true</mandatory>
<refColNames>id_atencion,DIAGNOSTICO_id_diagnostico</refColNames>
<transferable>true</transferable>
<rely>false</rely>
<columnDependencyConstraintGenerateInDDL>true</columnDependencyConstraintGenerateInDDL>
</FKIndexAssociation>
