<?xml version = '1.0' encoding = 'UTF-8'?>
<FKIndexAssociation class="oracle.dbtools.crest.model.design.relational.FKIndexAssociation" directorySegmentName="seg_0" id="6D324BC6-2346-3F02-262B-413E232654C7" containerWithKeyObject="7836A60E-86BD-D737-5BA5-E8FADEEFD1D2" localFKIndex="6B18BA37-858C-958D-52CA-590BBB4058CF" name="ATENCION_MEDICA_DIAGNOSTICO_FK">
<createdBy>esteb</createdBy>
<createdTime>2025-09-15 18:59:14 UTC</createdTime>
<generatorID>B464FA56-493C-5A7A-BABE-83727592D909</generatorID>
<ownerDesignName>sumativa2_modelo_relacional</ownerDesignName>
<referredTableLongName>DIAGNOSTICO</referredTableLongName>
<deleteRule>NO ACTION</deleteRule>
<referredTableID>3BBF83D6-6715-63C3-EDE2-3A10667CD41A</referredTableID>
<keyObject>FB3FFB42-2C10-B6F2-D531-D8148561E7DE</keyObject>
<referredKeyID>FB3FFB42-2C10-B6F2-D531-D8148561E7DE</referredKeyID>
<mandatory>true</mandatory>
<refColNames>id_diagnostico</refColNames>
<transferable>true</transferable>
<rely>false</rely>
<columnDependencyConstraintGenerateInDDL>true</columnDependencyConstraintGenerateInDDL>
</FKIndexAssociation>
