<?xml version = '1.0' encoding = 'UTF-8'?>
<FKIndexAssociation class="oracle.dbtools.crest.model.design.relational.FKIndexAssociation" directorySegmentName="seg_0" id="72AE1A26-902D-170A-E62A-8214FD1AB548" containerWithKeyObject="7836A60E-86BD-D737-5BA5-E8FADEEFD1D2" localFKIndex="70F6002D-9885-B066-8A51-4A77EB548308" name="ATENCION_MEDICA_PAGO_ATENCION_FK">
<createdBy>esteb</createdBy>
<createdTime>2025-09-15 18:59:14 UTC</createdTime>
<generatorID>8ABD254D-8B69-C82B-74E9-C5047BBF9063</generatorID>
<ownerDesignName>sumativa2_modelo_relacional</ownerDesignName>
<referredTableLongName>PAGO_ATENCION</referredTableLongName>
<deleteRule>NO ACTION</deleteRule>
<referredTableID>F6EAA403-5B46-3265-5D34-763EBDE7CFC8</referredTableID>
<keyObject>86A1DE68-9607-A5E2-03B5-32DC247EB767</keyObject>
<referredKeyID>86A1DE68-9607-A5E2-03B5-32DC247EB767</referredKeyID>
<mandatory>true</mandatory>
<refColNames>id_pago</refColNames>
<transferable>true</transferable>
<rely>false</rely>
<columnDependencyConstraintGenerateInDDL>true</columnDependencyConstraintGenerateInDDL>
</FKIndexAssociation>
