<?xml version = '1.0' encoding = 'UTF-8'?>
<FKIndexAssociation class="oracle.dbtools.crest.model.design.relational.FKIndexAssociation" directorySegmentName="seg_0" id="8947F451-5614-6617-C4C7-1CBC2EC56357" containerWithKeyObject="7F2E52DF-7AE4-CCDF-49C3-ECB5EF0C45C3" localFKIndex="4C4F9D90-1BCB-F4DB-3939-ACDFFE8F5B79" name="EXAMENES_SOLICITADOS_ATENCION_MEDICA_FK">
<createdBy>esteb</createdBy>
<createdTime>2025-09-15 18:59:14 UTC</createdTime>
<generatorID>BDC72A85-C888-261C-365B-C2A9FAE7C3BC</generatorID>
<ownerDesignName>sumativa2_modelo_relacional</ownerDesignName>
<referredTableLongName>ATENCION_MEDICA</referredTableLongName>
<deleteRule>NO ACTION</deleteRule>
<referredTableID>7836A60E-86BD-D737-5BA5-E8FADEEFD1D2</referredTableID>
<keyObject>6D727B6F-5C98-7E86-FB2D-F0F1CE8A1C51</keyObject>
<referredKeyID>6D727B6F-5C98-7E86-FB2D-F0F1CE8A1C51</referredKeyID>
<mandatory>true</mandatory>
<refColNames>id_atencion,DIAGNOSTICO_id_diagnostico</refColNames>
<transferable>true</transferable>
<rely>false</rely>
<columnDependencyConstraintGenerateInDDL>true</columnDependencyConstraintGenerateInDDL>
</FKIndexAssociation>
