<?xml version = '1.0' encoding = 'UTF-8'?>
<FKIndexAssociation class="oracle.dbtools.crest.model.design.relational.FKIndexAssociation" directorySegmentName="seg_0" id="996361B7-E22D-6C93-1CDE-3D555FDD4BA3" containerWithKeyObject="0D305D90-BF2C-6B65-B868-4CDADBAF510D" localFKIndex="3C9BC5E6-DAA8-7C18-D3FB-ED7F73B7E4A1" name="FK_Relation_2_ATENCION_MEDICA">
<createdBy>esteb</createdBy>
<createdTime>2025-09-15 18:59:14 UTC</createdTime>
<generatorID>1EB351CE-7F28-955D-B030-80839D78FBD1</generatorID>
<ownerDesignName>sumativa2_modelo_relacional</ownerDesignName>
<referredTableLongName>ATENCION_MEDICA</referredTableLongName>
<deleteRule>NO ACTION</deleteRule>
<referredTableID>7836A60E-86BD-D737-5BA5-E8FADEEFD1D2</referredTableID>
<keyObject>6D727B6F-5C98-7E86-FB2D-F0F1CE8A1C51</keyObject>
<referredKeyID>6D727B6F-5C98-7E86-FB2D-F0F1CE8A1C51</referredKeyID>
<mandatory>true</mandatory>
<refColNames>id_atencion,DIAGNOSTICO_id_diagnostico</refColNames>
<transferable>true</transferable>
<rely>false</rely>
<columnDependencyConstraintGenerateInDDL>true</columnDependencyConstraintGenerateInDDL>
</FKIndexAssociation>
