<?xml version = '1.0' encoding = 'UTF-8'?>
<FKIndexAssociation class="oracle.dbtools.crest.model.design.relational.FKIndexAssociation" directorySegmentName="seg_0" id="A663E62C-362F-B015-30E5-A48409B07640" containerWithKeyObject="BC22E50D-88BD-8D82-CB33-C06F2223940E" localFKIndex="D10B65AE-DD4E-8DCE-28C0-C7CA2494DB34" name="PACIENTE_GENERO_FK">
<createdBy>esteb</createdBy>
<createdTime>2025-09-15 18:59:14 UTC</createdTime>
<generatorID>A458DAB1-4E8D-F2F7-0B8A-A4AB52CF5F16</generatorID>
<ownerDesignName>sumativa2_modelo_relacional</ownerDesignName>
<referredTableLongName>GENERO</referredTableLongName>
<deleteRule>NO ACTION</deleteRule>
<referredTableID>237011DB-83CA-AE5F-03E5-39B15EAC090A</referredTableID>
<keyObject>EE752519-9B31-703B-091E-E93296DE2A79</keyObject>
<referredKeyID>EE752519-9B31-703B-091E-E93296DE2A79</referredKeyID>
<mandatory>true</mandatory>
<refColNames>id_genero</refColNames>
<transferable>true</transferable>
<rely>false</rely>
<columnDependencyConstraintGenerateInDDL>true</columnDependencyConstraintGenerateInDDL>
</FKIndexAssociation>
