<?xml version = '1.0' encoding = 'UTF-8'?>
<FKIndexAssociation class="oracle.dbtools.crest.model.design.relational.FKIndexAssociation" directorySegmentName="seg_0" id="BB8D5B45-095D-7247-A6EB-4FBFB379814A" containerWithKeyObject="0666374B-BDB5-BB1E-0090-764C82490B30" localFKIndex="49806EC5-0DB9-7A0A-1688-F24398A7C7E0" name="TIPO_PAGO_PAGO_ATENCION_FK">
<createdBy>esteb</createdBy>
<createdTime>2025-09-15 18:59:14 UTC</createdTime>
<generatorID>1B792F6B-8855-76E0-B65C-FA89D1FF94CB</generatorID>
<ownerDesignName>sumativa2_modelo_relacional</ownerDesignName>
<referredTableLongName>PAGO_ATENCION</referredTableLongName>
<deleteRule>NO ACTION</deleteRule>
<referredTableID>F6EAA403-5B46-3265-5D34-763EBDE7CFC8</referredTableID>
<keyObject>86A1DE68-9607-A5E2-03B5-32DC247EB767</keyObject>
<referredKeyID>86A1DE68-9607-A5E2-03B5-32DC247EB767</referredKeyID>
<mandatory>true</mandatory>
<refColNames>id_pago</refColNames>
<transferable>true</transferable>
<rely>false</rely>
<columnDependencyConstraintGenerateInDDL>true</columnDependencyConstraintGenerateInDDL>
</FKIndexAssociation>
