<?xml version = '1.0' encoding = 'UTF-8'?>
<FKIndexAssociation class="oracle.dbtools.crest.model.design.relational.FKIndexAssociation" directorySegmentName="seg_0" id="C1BCADF1-FA53-0055-7833-85941385A406" containerWithKeyObject="5683C5A5-3E77-0EFA-57BE-278A29DD6544" localFKIndex="352FF5A9-E72E-955C-D3EA-FDEB79B7ADA7" name="COMUNA_REGION_FK">
<createdBy>esteb</createdBy>
<createdTime>2025-09-15 18:59:14 UTC</createdTime>
<generatorID>C9600634-339A-991E-A047-909AE243F497</generatorID>
<ownerDesignName>sumativa2_modelo_relacional</ownerDesignName>
<referredTableLongName>REGION</referredTableLongName>
<deleteRule>NO ACTION</deleteRule>
<referredTableID>41D23380-F94A-88C4-DE9E-5CF5E4125BA9</referredTableID>
<keyObject>CE710517-4635-BEDD-8083-897FFEA208CC</keyObject>
<referredKeyID>CE710517-4635-BEDD-8083-897FFEA208CC</referredKeyID>
<mandatory>true</mandatory>
<refColNames>REGION_ID</refColNames>
<transferable>true</transferable>
<rely>false</rely>
<columnDependencyConstraintGenerateInDDL>true</columnDependencyConstraintGenerateInDDL>
</FKIndexAssociation>
