<?xml version = '1.0' encoding = 'UTF-8'?>
<FKIndexAssociation class="oracle.dbtools.crest.model.design.relational.FKIndexAssociation" directorySegmentName="seg_0" id="C3B3E54E-8A4E-4624-83BC-FFD13141F862" containerWithKeyObject="1D2B3ABF-FCF6-D150-2407-D5A3D1F0700A" localFKIndex="6C8AC6E5-234F-1E29-244B-334F411AD0CE" name="MEDICO_AFP_FK">
<createdBy>esteb</createdBy>
<createdTime>2025-09-15 18:59:14 UTC</createdTime>
<generatorID>12A67AB0-F2CD-E795-4BCF-9174ED48AD4E</generatorID>
<ownerDesignName>sumativa2_modelo_relacional</ownerDesignName>
<referredTableLongName>AFP</referredTableLongName>
<deleteRule>NO ACTION</deleteRule>
<referredTableID>4C923918-D8C8-89BC-A00E-060BD1D0A955</referredTableID>
<keyObject>EBBB3AB4-206E-EEC3-EE7B-441ECDDDF10A</keyObject>
<referredKeyID>EBBB3AB4-206E-EEC3-EE7B-441ECDDDF10A</referredKeyID>
<mandatory>true</mandatory>
<refColNames>id_afp</refColNames>
<transferable>true</transferable>
<rely>false</rely>
<columnDependencyConstraintGenerateInDDL>true</columnDependencyConstraintGenerateInDDL>
</FKIndexAssociation>
