<?xml version = '1.0' encoding = 'UTF-8'?>
<FKIndexAssociation class="oracle.dbtools.crest.model.design.relational.FKIndexAssociation" directorySegmentName="seg_0" id="C45AE05D-286E-5C56-2D31-F9D56339961D" containerWithKeyObject="1D2B3ABF-FCF6-D150-2407-D5A3D1F0700A" localFKIndex="21806DF3-F3D9-C01B-CA80-476529ACCFD5" name="MEDICO_ESPECIALIDAD_FK">
<createdBy>esteb</createdBy>
<createdTime>2025-09-15 18:59:14 UTC</createdTime>
<generatorID>915A2FC0-70F7-8452-F832-D35B13EF5E36</generatorID>
<ownerDesignName>sumativa2_modelo_relacional</ownerDesignName>
<referredTableLongName>ESPECIALIDAD</referredTableLongName>
<deleteRule>NO ACTION</deleteRule>
<referredTableID>2188C730-38C5-2327-DD52-3E9BC9C43A72</referredTableID>
<keyObject>5398AB30-4949-CFBF-EAEE-DFBAB5D3C682</keyObject>
<referredKeyID>5398AB30-4949-CFBF-EAEE-DFBAB5D3C682</referredKeyID>
<mandatory>true</mandatory>
<refColNames>id_especialidad</refColNames>
<transferable>true</transferable>
<rely>false</rely>
<columnDependencyConstraintGenerateInDDL>true</columnDependencyConstraintGenerateInDDL>
</FKIndexAssociation>
