<?xml version = '1.0' encoding = 'UTF-8'?>
<FKIndexAssociation class="oracle.dbtools.crest.model.design.relational.FKIndexAssociation" directorySegmentName="seg_0" id="D1451F4F-DDB3-15B4-86F9-35C67097EA99" containerWithKeyObject="7836A60E-86BD-D737-5BA5-E8FADEEFD1D2" localFKIndex="7FDEE531-7F21-D818-8734-EEDB2861515A" name="ATENCION_MEDICA_PACIENTE_FK">
<createdBy>esteb</createdBy>
<createdTime>2025-09-15 18:59:14 UTC</createdTime>
<generatorID>BAE54474-EDD4-F8C8-3ED9-C9BA60E7CD72</generatorID>
<ownerDesignName>sumativa2_modelo_relacional</ownerDesignName>
<referredTableLongName>PACIENTE</referredTableLongName>
<deleteRule>NO ACTION</deleteRule>
<referredTableID>BC22E50D-88BD-8D82-CB33-C06F2223940E</referredTableID>
<keyObject>DC1C3C13-69A0-1E73-028D-55B026DB7961</keyObject>
<referredKeyID>DC1C3C13-69A0-1E73-028D-55B026DB7961</referredKeyID>
<mandatory>true</mandatory>
<refColNames>id_paciente</refColNames>
<transferable>true</transferable>
<rely>false</rely>
<columnDependencyConstraintGenerateInDDL>true</columnDependencyConstraintGenerateInDDL>
</FKIndexAssociation>
