<?xml version = '1.0' encoding = 'UTF-8'?>
<FKIndexAssociation class="oracle.dbtools.crest.model.design.relational.FKIndexAssociation" directorySegmentName="seg_0" id="E41602EE-BAA8-F7C8-C697-02EB72CFA141" containerWithKeyObject="0D305D90-BF2C-6B65-B868-4CDADBAF510D" localFKIndex="7AEECDB3-F405-5394-EC22-0340E1430532" name="FK_Relation_2_MODALIDAD">
<createdBy>esteb</createdBy>
<createdTime>2025-09-15 18:59:14 UTC</createdTime>
<generatorID>1EB351CE-7F28-955D-B030-80839D78FBD1</generatorID>
<ownerDesignName>sumativa2_modelo_relacional</ownerDesignName>
<referredTableLongName>MODALIDAD</referredTableLongName>
<deleteRule>NO ACTION</deleteRule>
<referredTableID>EB0B405B-D846-2370-0E33-3D124C333F52</referredTableID>
<keyObject>611B3A66-A013-BC43-85C5-E4E9F5BC291B</keyObject>
<referredKeyID>611B3A66-A013-BC43-85C5-E4E9F5BC291B</referredKeyID>
<mandatory>true</mandatory>
<refColNames>id_modalidad</refColNames>
<transferable>true</transferable>
<rely>false</rely>
<columnDependencyConstraintGenerateInDDL>true</columnDependencyConstraintGenerateInDDL>
</FKIndexAssociation>
