<?xml version = '1.0' encoding = 'UTF-8'?>
<FKIndexAssociation class="oracle.dbtools.crest.model.design.relational.FKIndexAssociation" directorySegmentName="seg_0" id="ED7D9B58-E286-5F7F-E996-C5013D02F8F5" containerWithKeyObject="1D2B3ABF-FCF6-D150-2407-D5A3D1F0700A" localFKIndex="B8195AF0-1501-EBAD-66D6-BC81A2310608" name="MEDICO_MEDICO_FK">
<createdBy>esteb</createdBy>
<createdTime>2025-09-15 18:59:14 UTC</createdTime>
<generatorID>964BFBAA-6F5C-DD89-895D-F87DB6E76EDA</generatorID>
<ownerDesignName>sumativa2_modelo_relacional</ownerDesignName>
<referredTableLongName>MEDICO</referredTableLongName>
<deleteRule>NO ACTION</deleteRule>
<referredTableID>1D2B3ABF-FCF6-D150-2407-D5A3D1F0700A</referredTableID>
<keyObject>FF147B17-64BA-D4B0-5384-423C194F860E</keyObject>
<referredKeyID>FF147B17-64BA-D4B0-5384-423C194F860E</referredKeyID>
<mandatory>false</mandatory>
<refColNames>id_medico,INSTITUCION_SALUD_id_is</refColNames>
<transferable>true</transferable>
<rely>false</rely>
<columnDependencyConstraintGenerateInDDL>true</columnDependencyConstraintGenerateInDDL>
</FKIndexAssociation>
