<?xml version = '1.0' encoding = 'UTF-8'?>
<Table class="oracle.dbtools.crest.model.design.relational.Table" directorySegmentName="seg_0" id="0666374B-BDB5-BB1E-0090-764C82490B30" name="TIPO_PAGO">
<createdBy>esteb</createdBy>
<createdTime>2025-09-15 18:59:14 UTC</createdTime>
<generatorID>225833B4-5DF2-F994-2CC6-076D4D467629</generatorID>
<ownerDesignName>sumativa2_modelo_relacional</ownerDesignName>
<allowColumnReorder>false</allowColumnReorder>
<existDependencyGenerateInDDl>true</existDependencyGenerateInDDl>
<parsed>true</parsed>
<columns itemClass="oracle.dbtools.crest.model.design.relational.Column">
<Column name="metodo_pago" id="F868D55B-0B69-DA20-7E07-8D26CFFD08C1">
<createdBy>esteb</createdBy>
<createdTime>2025-09-15 18:59:14 UTC</createdTime>
<generatorID>0899DD0D-8501-EB26-2903-5770E0E4035B</generatorID>
<ownerDesignName>sumativa2_modelo_relacional</ownerDesignName>
<useDomainConstraints>false</useDomainConstraints>
<use>1</use>
<logicalDatatype>LOGDT024</logicalDatatype>
<dataTypeSize>20 CHAR</dataTypeSize>
<ownDataTypeParameters>20 CHAR,,</ownDataTypeParameters>
<autoIncrementCycle>false</autoIncrementCycle>
</Column>
<Column name="PAGO_ATENCION_id_pago" id="D60B5A62-F266-FC1F-D20B-BADFAF8ABC44">
<createdBy>esteb</createdBy>
<createdTime>2025-09-15 18:59:14 UTC</createdTime>
<generatorID>2629ECC3-261B-B994-595B-7186BA107E30</generatorID>
<ownerDesignName>sumativa2_modelo_relacional</ownerDesignName>
<useDomainConstraints>false</useDomainConstraints>
<use>1</use>
<logicalDatatype>LOGDT019</logicalDatatype>
<ownDataTypeParameters>,,</ownDataTypeParameters>
<previousColumn>false</previousColumn>
<autoIncrementCycle>false</autoIncrementCycle>
<associations>
<colAssociation fkAssociation="BB8D5B45-095D-7247-A6EB-4FBFB379814A" referredColumn="9A69A0F3-3232-72A0-EEFD-6B75362FDF4C"/>
</associations>
</Column>
</columns>
<indexes itemClass="oracle.dbtools.crest.model.design.relational.Index">
<ind_PK_UK id="014CE727-872C-D1A6-799C-B29FD41F09C1" name="TIPO_PAGO_metodo_pago_UN">
<createdBy>esteb</createdBy>
<createdTime>2025-09-15 23:03:34 UTC</createdTime>
<generatorID>7BA389D6-C0E6-B38F-6F4A-24A7B390F979</generatorID>
<ownerDesignName>sumativa2_modelo_relacional</ownerDesignName>
<indexState>Unique Constraint</indexState>
<isSurrogateKey>false</isSurrogateKey>
<indexColumnUsage>
<colUsage columnID="F868D55B-0B69-DA20-7E07-8D26CFFD08C1"/>
</indexColumnUsage>
</ind_PK_UK>
<ind_PK_UK id="49806EC5-0DB9-7A0A-1688-F24398A7C7E0" name="TIPO_PAGO_PAGO_ATENCION_FK">
<createdBy>esteb</createdBy>
<createdTime>2025-09-15 18:59:14 UTC</createdTime>
<generatorID>1B792F6B-8855-76E0-B65C-FA89D1FF94CB</generatorID>
<ownerDesignName>sumativa2_modelo_relacional</ownerDesignName>
<indexState>Foreign Key</indexState>
<isSurrogateKey>false</isSurrogateKey>
<indexColumnUsage>
<colUsage columnID="D60B5A62-F266-FC1F-D20B-BADFAF8ABC44"/>
</indexColumnUsage>
</ind_PK_UK>
</indexes>
</Table>
