<?xml version = '1.0' encoding = 'UTF-8'?>
<Table class="oracle.dbtools.crest.model.design.relational.Table" directorySegmentName="seg_0" id="0D305D90-BF2C-6B65-B868-4CDADBAF510D" name="TI_M_AM">
<createdBy>esteb</createdBy>
<createdTime>2025-09-15 18:59:14 UTC</createdTime>
<ownerDesignName>sumativa2_modelo_relacional</ownerDesignName>
<ordsAlias>relation_2</ordsAlias>
<allowColumnReorder>false</allowColumnReorder>
<existDependencyGenerateInDDl>true</existDependencyGenerateInDDl>
<parsed>true</parsed>
<columns itemClass="oracle.dbtools.crest.model.design.relational.Column">
<Column name="ATENCION_MEDICA_id_atencion" id="F91B5DCB-8ACD-4909-C100-2B61CB3E5AFF">
<createdBy>esteb</createdBy>
<createdTime>2025-09-15 18:59:14 UTC</createdTime>
<ownerDesignName>sumativa2_modelo_relacional</ownerDesignName>
<useDomainConstraints>false</useDomainConstraints>
<use>1</use>
<logicalDatatype>LOGDT019</logicalDatatype>
<ownDataTypeParameters>,,</ownDataTypeParameters>
<previousColumn>false</previousColumn>
<autoIncrementCycle>false</autoIncrementCycle>
<associations>
<colAssociation fkAssociation="996361B7-E22D-6C93-1CDE-3D555FDD4BA3" referredColumn="3DEE5434-08DB-B383-52D0-8EDEE7BDE241"/>
</associations>
</Column>
<Column name="ATENCION_MEDICA_id_diagnostico" id="40479F57-4960-F183-A6B2-DBD6C8BDBF6A">
<createdBy>esteb</createdBy>
<createdTime>2025-09-15 18:59:14 UTC</createdTime>
<ownerDesignName>sumativa2_modelo_relacional</ownerDesignName>
<useDomainConstraints>false</useDomainConstraints>
<use>1</use>
<logicalDatatype>LOGDT019</logicalDatatype>
<ownDataTypeParameters>,,</ownDataTypeParameters>
<previousColumn>false</previousColumn>
<autoIncrementCycle>false</autoIncrementCycle>
<associations>
<colAssociation fkAssociation="996361B7-E22D-6C93-1CDE-3D555FDD4BA3" referredColumn="FBC83CD1-AB21-E012-03EF-FE18D216E750"/>
</associations>
</Column>
<Column name="MODALIDAD_id_modalidad" id="EBA1C150-83B3-3E04-3A06-8AD893BBC8C7">
<createdBy>esteb</createdBy>
<createdTime>2025-09-15 18:59:14 UTC</createdTime>
<ownerDesignName>sumativa2_modelo_relacional</ownerDesignName>
<useDomainConstraints>false</useDomainConstraints>
<use>1</use>
<logicalDatatype>LOGDT019</logicalDatatype>
<ownDataTypeParameters>,,</ownDataTypeParameters>
<previousColumn>false</previousColumn>
<autoIncrementCycle>false</autoIncrementCycle>
<associations>
<colAssociation fkAssociation="E41602EE-BAA8-F7C8-C697-02EB72CFA141" referredColumn="91EA6DBB-3092-382F-596E-9735D29AE897"/>
</associations>
</Column>
</columns>
<indexes itemClass="oracle.dbtools.crest.model.design.relational.Index">
<ind_PK_UK id="AB27BD04-AB17-0A5B-C281-449FE661BD69" name="PK_Relation_2">
<createdBy>esteb</createdBy>
<createdTime>2025-09-15 18:59:14 UTC</createdTime>
<ownerDesignName>sumativa2_modelo_relacional</ownerDesignName>
<pk>true</pk>
<indexState>Primary Constraint</indexState>
<isSurrogateKey>false</isSurrogateKey>
<indexColumnUsage>
<colUsage columnID="F91B5DCB-8ACD-4909-C100-2B61CB3E5AFF"/>
<colUsage columnID="40479F57-4960-F183-A6B2-DBD6C8BDBF6A"/>
<colUsage columnID="EBA1C150-83B3-3E04-3A06-8AD893BBC8C7"/>
</indexColumnUsage>
</ind_PK_UK>
<ind_PK_UK id="3C9BC5E6-DAA8-7C18-D3FB-ED7F73B7E4A1" name="FK_Relation_2_ATENCION_MEDICA">
<createdBy>esteb</createdBy>
<createdTime>2025-09-15 18:59:14 UTC</createdTime>
<generatorID>1EB351CE-7F28-955D-B030-80839D78FBD1</generatorID>
<ownerDesignName>sumativa2_modelo_relacional</ownerDesignName>
<indexState>Foreign Key</indexState>
<isSurrogateKey>false</isSurrogateKey>
<indexColumnUsage>
<colUsage columnID="F91B5DCB-8ACD-4909-C100-2B61CB3E5AFF"/>
<colUsage columnID="40479F57-4960-F183-A6B2-DBD6C8BDBF6A"/>
</indexColumnUsage>
</ind_PK_UK>
<ind_PK_UK id="7AEECDB3-F405-5394-EC22-0340E1430532" name="FK_Relation_2_MODALIDAD">
<createdBy>esteb</createdBy>
<createdTime>2025-09-15 18:59:14 UTC</createdTime>
<generatorID>1EB351CE-7F28-955D-B030-80839D78FBD1</generatorID>
<ownerDesignName>sumativa2_modelo_relacional</ownerDesignName>
<indexState>Foreign Key</indexState>
<isSurrogateKey>false</isSurrogateKey>
<indexColumnUsage>
<colUsage columnID="EBA1C150-83B3-3E04-3A06-8AD893BBC8C7"/>
</indexColumnUsage>
</ind_PK_UK>
</indexes>
</Table>
