<?xml version = '1.0' encoding = 'UTF-8'?>
<Table class="oracle.dbtools.crest.model.design.relational.Table" directorySegmentName="seg_0" id="0D87F8B6-CA76-2B5D-857C-A0CD9C2F14D1" name="INSTITUCION_SALUD">
<createdBy>esteb</createdBy>
<createdTime>2025-09-15 18:59:14 UTC</createdTime>
<generatorID>2094B1EE-BC01-5BDD-CBB8-66466BB45A53</generatorID>
<ownerDesignName>sumativa2_modelo_relacional</ownerDesignName>
<allowColumnReorder>false</allowColumnReorder>
<existDependencyGenerateInDDl>true</existDependencyGenerateInDDl>
<parsed>true</parsed>
<columns itemClass="oracle.dbtools.crest.model.design.relational.Column">
<Column name="id_is" id="81F77C32-4445-6D49-BB05-12B5B0C116BB">
<createdBy>esteb</createdBy>
<createdTime>2025-09-15 18:59:14 UTC</createdTime>
<generatorID>BB8AE48C-851D-841E-7F5D-CF2B6D65C74E</generatorID>
<ownerDesignName>sumativa2_modelo_relacional</ownerDesignName>
<useDomainConstraints>false</useDomainConstraints>
<use>1</use>
<logicalDatatype>LOGDT019</logicalDatatype>
<ownDataTypeParameters>,,</ownDataTypeParameters>
<autoIncrementCycle>false</autoIncrementCycle>
</Column>
<Column name="nombre_is" id="AF0FB3EE-D574-24F5-F3C1-5E8E040DE543">
<createdBy>esteb</createdBy>
<createdTime>2025-09-15 18:59:14 UTC</createdTime>
<generatorID>9E73E54B-3C28-8A3E-6F9A-82FE7E9EC1A8</generatorID>
<ownerDesignName>sumativa2_modelo_relacional</ownerDesignName>
<useDomainConstraints>false</useDomainConstraints>
<use>1</use>
<logicalDatatype>LOGDT024</logicalDatatype>
<dataTypeSize>25 CHAR</dataTypeSize>
<ownDataTypeParameters>25 CHAR,,</ownDataTypeParameters>
<autoIncrementCycle>false</autoIncrementCycle>
</Column>
</columns>
<indexes itemClass="oracle.dbtools.crest.model.design.relational.Index">
<ind_PK_UK id="E0F6A1FA-E890-949E-3BBC-111ACDDEAE5E" name="PK_INSTITUCION_SALUD">
<createdBy>esteb</createdBy>
<createdTime>2025-09-15 18:59:14 UTC</createdTime>
<generatorID>280AE362-783C-A645-36A8-805D6622C26B</generatorID>
<ownerDesignName>sumativa2_modelo_relacional</ownerDesignName>
<pk>true</pk>
<indexState>Primary Constraint</indexState>
<isSurrogateKey>false</isSurrogateKey>
<indexColumnUsage>
<colUsage columnID="81F77C32-4445-6D49-BB05-12B5B0C116BB"/>
</indexColumnUsage>
</ind_PK_UK>
<ind_PK_UK id="F8BFB120-0EB2-45E1-CB76-E6B01B1E6790" name="INSTITUCION_SALUD_nombre_is_UN">
<createdBy>esteb</createdBy>
<createdTime>2025-09-15 23:03:34 UTC</createdTime>
<generatorID>A6A2A149-A226-3779-895A-1D5BA98498AD</generatorID>
<ownerDesignName>sumativa2_modelo_relacional</ownerDesignName>
<indexState>Unique Constraint</indexState>
<isSurrogateKey>false</isSurrogateKey>
<indexColumnUsage>
<colUsage columnID="AF0FB3EE-D574-24F5-F3C1-5E8E040DE543"/>
</indexColumnUsage>
</ind_PK_UK>
</indexes>
</Table>
