<?xml version = '1.0' encoding = 'UTF-8'?>
<Table class="oracle.dbtools.crest.model.design.relational.Table" directorySegmentName="seg_0" id="1D2B3ABF-FCF6-D150-2407-D5A3D1F0700A" name="MEDICO">
<createdBy>esteb</createdBy>
<createdTime>2025-09-15 18:59:14 UTC</createdTime>
<generatorID>FEBF068C-1CFB-4E00-1D0D-564136D2FDB0</generatorID>
<ownerDesignName>sumativa2_modelo_relacional</ownerDesignName>
<allowColumnReorder>false</allowColumnReorder>
<existDependencyGenerateInDDl>true</existDependencyGenerateInDDl>
<parsed>true</parsed>
<columns itemClass="oracle.dbtools.crest.model.design.relational.Column">
<Column name="id_medico" id="4257859C-88B7-C10C-1857-74BCD43350A8">
<createdBy>esteb</createdBy>
<createdTime>2025-09-15 18:59:14 UTC</createdTime>
<generatorID>0A9442F9-7722-A250-8DC3-A4D8850B76B5</generatorID>
<ownerDesignName>sumativa2_modelo_relacional</ownerDesignName>
<useDomainConstraints>false</useDomainConstraints>
<use>1</use>
<logicalDatatype>LOGDT019</logicalDatatype>
<ownDataTypeParameters>,,</ownDataTypeParameters>
<autoIncrementCycle>false</autoIncrementCycle>
</Column>
<Column name="rut_medico" id="46CD29CD-05D4-40CA-03C6-6391014D7907">
<createdBy>esteb</createdBy>
<createdTime>2025-09-15 18:59:14 UTC</createdTime>
<generatorID>D2957C37-DE78-7A9A-F247-346270CAEE04</generatorID>
<ownerDesignName>sumativa2_modelo_relacional</ownerDesignName>
<useDomainConstraints>false</useDomainConstraints>
<use>1</use>
<logicalDatatype>LOGDT024</logicalDatatype>
<dataTypeSize>10</dataTypeSize>
<ownDataTypeParameters>10,,</ownDataTypeParameters>
<autoIncrementCycle>false</autoIncrementCycle>
</Column>
<Column name="nombre_c" id="42C2FD69-E09D-E022-21F5-2EF210E3FA78">
<createdBy>esteb</createdBy>
<createdTime>2025-09-15 18:59:14 UTC</createdTime>
<generatorID>152DF5B7-B489-4CE3-2D50-E4BB63745E98</generatorID>
<ownerDesignName>sumativa2_modelo_relacional</ownerDesignName>
<useDomainConstraints>false</useDomainConstraints>
<use>1</use>
<logicalDatatype>LOGDT024</logicalDatatype>
<dataTypeSize>100 CHAR</dataTypeSize>
<ownDataTypeParameters>100 CHAR,,</ownDataTypeParameters>
<autoIncrementCycle>false</autoIncrementCycle>
</Column>
<Column name="fecha_i" id="03246D48-8FEB-F5E5-BDAA-CF4FF136FEB3">
<createdBy>esteb</createdBy>
<createdTime>2025-09-15 18:59:14 UTC</createdTime>
<generatorID>E1411D0D-7505-ACA5-33F0-B68D4BB1BD17</generatorID>
<ownerDesignName>sumativa2_modelo_relacional</ownerDesignName>
<useDomainConstraints>false</useDomainConstraints>
<use>1</use>
<logicalDatatype>LOGDT007</logicalDatatype>
<ownDataTypeParameters>,,</ownDataTypeParameters>
<autoIncrementCycle>false</autoIncrementCycle>
</Column>
<Column name="AFP_id_afp" id="EC438515-6461-FF38-29AE-E8A24A088F67">
<createdBy>esteb</createdBy>
<createdTime>2025-09-15 18:59:14 UTC</createdTime>
<generatorID>6A03CE38-DBD1-7647-C8AD-433773178E73</generatorID>
<ownerDesignName>sumativa2_modelo_relacional</ownerDesignName>
<useDomainConstraints>false</useDomainConstraints>
<use>1</use>
<logicalDatatype>LOGDT019</logicalDatatype>
<ownDataTypeParameters>,,</ownDataTypeParameters>
<previousColumn>false</previousColumn>
<autoIncrementCycle>false</autoIncrementCycle>
<associations>
<colAssociation fkAssociation="C3B3E54E-8A4E-4624-83BC-FFD13141F862" referredColumn="5D0B7EF5-2536-DB16-9FBF-98666BF235AF"/>
</associations>
</Column>
<Column name="INSTITUCION_SALUD_id_is" id="88CD4318-0D4A-77C2-A0CF-2724EE616918">
<createdBy>esteb</createdBy>
<createdTime>2025-09-15 18:59:14 UTC</createdTime>
<generatorID>666DF00A-AE30-45BF-8B5A-303C75AB1ED6</generatorID>
<ownerDesignName>sumativa2_modelo_relacional</ownerDesignName>
<useDomainConstraints>false</useDomainConstraints>
<use>1</use>
<logicalDatatype>LOGDT019</logicalDatatype>
<ownDataTypeParameters>,,</ownDataTypeParameters>
<previousColumn>false</previousColumn>
<autoIncrementCycle>false</autoIncrementCycle>
<associations>
<colAssociation fkAssociation="57544AD2-F239-5B8B-64C9-952E1CB1E7EC" referredColumn="81F77C32-4445-6D49-BB05-12B5B0C116BB"/>
</associations>
</Column>
<Column name="ESPECIALIDAD_id_especialidad" id="AE8D921B-227C-9CE0-FB0F-930DEA5CC1C7">
<createdBy>esteb</createdBy>
<createdTime>2025-09-15 18:59:14 UTC</createdTime>
<generatorID>FA87BED0-BE01-0DFB-94B5-04FDC789BC74</generatorID>
<ownerDesignName>sumativa2_modelo_relacional</ownerDesignName>
<useDomainConstraints>false</useDomainConstraints>
<use>1</use>
<logicalDatatype>LOGDT019</logicalDatatype>
<ownDataTypeParameters>,,</ownDataTypeParameters>
<previousColumn>false</previousColumn>
<autoIncrementCycle>false</autoIncrementCycle>
<associations>
<colAssociation fkAssociation="C45AE05D-286E-5C56-2D31-F9D56339961D" referredColumn="ABFC9643-9D9E-DFCA-F96F-1404C3592EA6"/>
</associations>
</Column>
<Column name="MEDICO_id_medico" id="0B184CAE-FA5A-51F3-934A-7E0B9A039F46">
<createdBy>esteb</createdBy>
<createdTime>2025-09-15 18:59:14 UTC</createdTime>
<generatorID>378A2E12-C518-0D81-3D52-8261E51A0964</generatorID>
<ownerDesignName>sumativa2_modelo_relacional</ownerDesignName>
<nullsAllowed>true</nullsAllowed>
<useDomainConstraints>false</useDomainConstraints>
<use>1</use>
<logicalDatatype>LOGDT019</logicalDatatype>
<ownDataTypeParameters>,,</ownDataTypeParameters>
<previousColumn>false</previousColumn>
<autoIncrementCycle>false</autoIncrementCycle>
<associations>
<colAssociation fkAssociation="ED7D9B58-E286-5F7F-E996-C5013D02F8F5" referredColumn="4257859C-88B7-C10C-1857-74BCD43350A8"/>
</associations>
</Column>
<Column name="MEDICO_INSTITUCION_SALUD_id_is" id="6C5F9653-F9B6-0696-78B0-A9E2170C3196">
<createdBy>esteb</createdBy>
<createdTime>2025-09-15 18:59:14 UTC</createdTime>
<generatorID>18DD7231-D425-BFA3-46CF-98F6C4407BE0</generatorID>
<ownerDesignName>sumativa2_modelo_relacional</ownerDesignName>
<nullsAllowed>true</nullsAllowed>
<useDomainConstraints>false</useDomainConstraints>
<use>1</use>
<logicalDatatype>LOGDT019</logicalDatatype>
<ownDataTypeParameters>,,</ownDataTypeParameters>
<previousColumn>false</previousColumn>
<autoIncrementCycle>false</autoIncrementCycle>
<associations>
<colAssociation fkAssociation="ED7D9B58-E286-5F7F-E996-C5013D02F8F5" referredColumn="88CD4318-0D4A-77C2-A0CF-2724EE616918"/>
</associations>
</Column>
</columns>
<indexes itemClass="oracle.dbtools.crest.model.design.relational.Index">
<ind_PK_UK id="FF147B17-64BA-D4B0-5384-423C194F860E" name="PK_MEDICO">
<createdBy>esteb</createdBy>
<createdTime>2025-09-15 18:59:14 UTC</createdTime>
<generatorID>8302AA4F-89C4-B88B-39CB-4223B1842C38</generatorID>
<ownerDesignName>sumativa2_modelo_relacional</ownerDesignName>
<pk>true</pk>
<indexState>Primary Constraint</indexState>
<isSurrogateKey>false</isSurrogateKey>
<indexColumnUsage>
<colUsage columnID="4257859C-88B7-C10C-1857-74BCD43350A8"/>
<colUsage columnID="88CD4318-0D4A-77C2-A0CF-2724EE616918"/>
</indexColumnUsage>
</ind_PK_UK>
<ind_PK_UK id="745954C5-EACE-66D6-6959-B6505059E10B" name="MEDICO_rut_medico_UN">
<createdBy>esteb</createdBy>
<createdTime>2025-09-15 23:03:34 UTC</createdTime>
<generatorID>D406A22C-8B20-8E7C-56A6-F543A90F5BD7</generatorID>
<ownerDesignName>sumativa2_modelo_relacional</ownerDesignName>
<indexState>Unique Constraint</indexState>
<isSurrogateKey>false</isSurrogateKey>
<indexColumnUsage>
<colUsage columnID="46CD29CD-05D4-40CA-03C6-6391014D7907"/>
</indexColumnUsage>
</ind_PK_UK>
<ind_PK_UK id="921CF51B-11AD-D631-16FE-84D4A827A1C3" name="MEDICO__IDX">
<createdBy>esteb</createdBy>
<createdTime>2025-09-15 18:59:14 UTC</createdTime>
<ownerDesignName>sumativa2_modelo_relacional</ownerDesignName>
<indexState>Unique Plain Index</indexState>
<isSurrogateKey>false</isSurrogateKey>
<relationGeneratorID>964BFBAA-6F5C-DD89-895D-F87DB6E76EDA</relationGeneratorID>
<indexColumnUsage>
<colUsage columnID="0B184CAE-FA5A-51F3-934A-7E0B9A039F46"/>
<colUsage columnID="6C5F9653-F9B6-0696-78B0-A9E2170C3196"/>
</indexColumnUsage>
</ind_PK_UK>
<ind_PK_UK id="6C8AC6E5-234F-1E29-244B-334F411AD0CE" name="MEDICO_AFP_FK">
<createdBy>esteb</createdBy>
<createdTime>2025-09-15 18:59:14 UTC</createdTime>
<generatorID>12A67AB0-F2CD-E795-4BCF-9174ED48AD4E</generatorID>
<ownerDesignName>sumativa2_modelo_relacional</ownerDesignName>
<indexState>Foreign Key</indexState>
<isSurrogateKey>false</isSurrogateKey>
<indexColumnUsage>
<colUsage columnID="EC438515-6461-FF38-29AE-E8A24A088F67"/>
</indexColumnUsage>
</ind_PK_UK>
<ind_PK_UK id="C53C7D85-6451-81BD-7CDD-56AA368BCE4A" name="MEDICO_INSTITUCION_SALUD_FK">
<createdBy>esteb</createdBy>
<createdTime>2025-09-15 18:59:14 UTC</createdTime>
<generatorID>3E35A9F4-A98A-80DC-A6E3-945D11C2C070</generatorID>
<ownerDesignName>sumativa2_modelo_relacional</ownerDesignName>
<indexState>Foreign Key</indexState>
<isSurrogateKey>false</isSurrogateKey>
<indexColumnUsage>
<colUsage columnID="88CD4318-0D4A-77C2-A0CF-2724EE616918"/>
</indexColumnUsage>
</ind_PK_UK>
<ind_PK_UK id="21806DF3-F3D9-C01B-CA80-476529ACCFD5" name="MEDICO_ESPECIALIDAD_FK">
<createdBy>esteb</createdBy>
<createdTime>2025-09-15 18:59:14 UTC</createdTime>
<generatorID>915A2FC0-70F7-8452-F832-D35B13EF5E36</generatorID>
<ownerDesignName>sumativa2_modelo_relacional</ownerDesignName>
<indexState>Foreign Key</indexState>
<isSurrogateKey>false</isSurrogateKey>
<indexColumnUsage>
<colUsage columnID="AE8D921B-227C-9CE0-FB0F-930DEA5CC1C7"/>
</indexColumnUsage>
</ind_PK_UK>
<ind_PK_UK id="B8195AF0-1501-EBAD-66D6-BC81A2310608" name="MEDICO_MEDICO_FK">
<createdBy>esteb</createdBy>
<createdTime>2025-09-15 18:59:14 UTC</createdTime>
<generatorID>964BFBAA-6F5C-DD89-895D-F87DB6E76EDA</generatorID>
<ownerDesignName>sumativa2_modelo_relacional</ownerDesignName>
<indexState>Foreign Key</indexState>
<isSurrogateKey>false</isSurrogateKey>
<indexColumnUsage>
<colUsage columnID="0B184CAE-FA5A-51F3-934A-7E0B9A039F46"/>
<colUsage columnID="6C5F9653-F9B6-0696-78B0-A9E2170C3196"/>
</indexColumnUsage>
</ind_PK_UK>
</indexes>
</Table>
