<?xml version = '1.0' encoding = 'UTF-8'?>
<Table class="oracle.dbtools.crest.model.design.relational.Table" directorySegmentName="seg_0" id="3BBF83D6-6715-63C3-EDE2-3A10667CD41A" name="DIAGNOSTICO">
<createdBy>esteb</createdBy>
<createdTime>2025-09-15 18:59:14 UTC</createdTime>
<generatorID>D1F0FA65-2528-ADD2-0A0E-E42F8C2BD52F</generatorID>
<ownerDesignName>sumativa2_modelo_relacional</ownerDesignName>
<allowColumnReorder>false</allowColumnReorder>
<existDependencyGenerateInDDl>true</existDependencyGenerateInDDl>
<parsed>true</parsed>
<columns itemClass="oracle.dbtools.crest.model.design.relational.Column">
<Column name="id_diagnostico" id="CDB9E2AC-510E-847D-1BB5-A4D4B6933786">
<createdBy>esteb</createdBy>
<createdTime>2025-09-15 18:59:14 UTC</createdTime>
<generatorID>2FE7539F-E0A5-069B-E66B-A0546D2C6A9F</generatorID>
<ownerDesignName>sumativa2_modelo_relacional</ownerDesignName>
<useDomainConstraints>false</useDomainConstraints>
<use>1</use>
<logicalDatatype>LOGDT019</logicalDatatype>
<ownDataTypeParameters>,,</ownDataTypeParameters>
<autoIncrementCycle>false</autoIncrementCycle>
</Column>
<Column name="nombre" id="FF65E146-8264-51B3-59DB-B6D750C8705F">
<createdBy>esteb</createdBy>
<createdTime>2025-09-15 18:59:14 UTC</createdTime>
<generatorID>E42DD737-642A-518B-186F-A44615F0A23F</generatorID>
<ownerDesignName>sumativa2_modelo_relacional</ownerDesignName>
<useDomainConstraints>false</useDomainConstraints>
<use>1</use>
<logicalDatatype>LOGDT024</logicalDatatype>
<dataTypeSize>25 CHAR</dataTypeSize>
<ownDataTypeParameters>25 CHAR,,</ownDataTypeParameters>
<autoIncrementCycle>false</autoIncrementCycle>
</Column>
</columns>
<indexes itemClass="oracle.dbtools.crest.model.design.relational.Index">
<ind_PK_UK id="FB3FFB42-2C10-B6F2-D531-D8148561E7DE" name="PK_DIAGNOSTICO">
<createdBy>esteb</createdBy>
<createdTime>2025-09-15 18:59:14 UTC</createdTime>
<generatorID>680CA2D0-6849-7F70-6B57-8F0A67DA16BC</generatorID>
<ownerDesignName>sumativa2_modelo_relacional</ownerDesignName>
<pk>true</pk>
<indexState>Primary Constraint</indexState>
<isSurrogateKey>false</isSurrogateKey>
<indexColumnUsage>
<colUsage columnID="CDB9E2AC-510E-847D-1BB5-A4D4B6933786"/>
</indexColumnUsage>
</ind_PK_UK>
<ind_PK_UK id="8B89C044-8772-6E3A-D7DF-50083F85356A" name="DIAGNOSTICO_nombre_UN">
<createdBy>esteb</createdBy>
<createdTime>2025-09-15 23:03:34 UTC</createdTime>
<generatorID>2DF33A81-9D0E-95D5-C7EC-1DE75CA58285</generatorID>
<ownerDesignName>sumativa2_modelo_relacional</ownerDesignName>
<indexState>Unique Constraint</indexState>
<isSurrogateKey>false</isSurrogateKey>
<indexColumnUsage>
<colUsage columnID="FF65E146-8264-51B3-59DB-B6D750C8705F"/>
</indexColumnUsage>
</ind_PK_UK>
</indexes>
</Table>
