<?xml version = '1.0' encoding = 'UTF-8'?>
<Table class="oracle.dbtools.crest.model.design.relational.Table" directorySegmentName="seg_0" id="41D23380-F94A-88C4-DE9E-5CF5E4125BA9" name="REGION">
<createdBy>esteb</createdBy>
<createdTime>2025-09-15 18:59:14 UTC</createdTime>
<generatorID>92FB0B7F-7001-9CDA-C323-C3B60B1D7C5A</generatorID>
<ownerDesignName>sumativa2_modelo_relacional</ownerDesignName>
<allowColumnReorder>false</allowColumnReorder>
<existDependencyGenerateInDDl>true</existDependencyGenerateInDDl>
<parsed>true</parsed>
<columns itemClass="oracle.dbtools.crest.model.design.relational.Column">
<Column name="id_region" id="3A880A82-473E-8307-6813-66C605FED200">
<createdBy>esteb</createdBy>
<createdTime>2025-09-15 18:59:14 UTC</createdTime>
<generatorID>B2475B01-743A-FC98-AE7C-8B7564987DF0</generatorID>
<ownerDesignName>sumativa2_modelo_relacional</ownerDesignName>
<nullsAllowed>true</nullsAllowed>
<useDomainConstraints>false</useDomainConstraints>
<use>1</use>
<logicalDatatype>LOGDT019</logicalDatatype>
<ownDataTypeParameters>,,</ownDataTypeParameters>
<autoIncrementCycle>false</autoIncrementCycle>
</Column>
<Column name="nombre" id="C9011216-FCDA-51AB-7227-C79D78C36651">
<createdBy>esteb</createdBy>
<createdTime>2025-09-15 18:59:14 UTC</createdTime>
<generatorID>4F913533-CC41-EC2D-82FA-DE738FF58D6D</generatorID>
<ownerDesignName>sumativa2_modelo_relacional</ownerDesignName>
<useDomainConstraints>false</useDomainConstraints>
<use>1</use>
<logicalDatatype>LOGDT024</logicalDatatype>
<dataTypeSize>100 CHAR</dataTypeSize>
<ownDataTypeParameters>100 CHAR,,</ownDataTypeParameters>
<autoIncrementCycle>false</autoIncrementCycle>
</Column>
<Column name="REGION_ID" id="1AD34786-1084-E2B1-B75B-4D78AB9D2556">
<createdBy>esteb</createdBy>
<createdTime>2025-09-15 18:59:14 UTC</createdTime>
<ownerDesignName>sumativa2_modelo_relacional</ownerDesignName>
<useDomainConstraints>false</useDomainConstraints>
<use>1</use>
<logicalDatatype>LOGDT019</logicalDatatype>
<ownDataTypeParameters>,,</ownDataTypeParameters>
<autoIncrementColumn>true</autoIncrementColumn>
<identityColumn>true</identityColumn>
<autoIncrementCycle>false</autoIncrementCycle>
<isSurrogateColumn>true</isSurrogateColumn>
</Column>
</columns>
<indexes itemClass="oracle.dbtools.crest.model.design.relational.Index">
<ind_PK_UK id="CE710517-4635-BEDD-8083-897FFEA208CC" name="PK_REGION">
<createdBy>esteb</createdBy>
<createdTime>2025-09-15 18:59:14 UTC</createdTime>
<ownerDesignName>sumativa2_modelo_relacional</ownerDesignName>
<pk>true</pk>
<indexState>Primary Constraint</indexState>
<indexColumnUsage>
<colUsage columnID="1AD34786-1084-E2B1-B75B-4D78AB9D2556"/>
</indexColumnUsage>
</ind_PK_UK>
<ind_PK_UK id="2232D636-9A8A-0389-101C-FBC1C7AE8C9A" name="REGION_nombre_UN">
<createdBy>esteb</createdBy>
<createdTime>2025-09-15 23:03:34 UTC</createdTime>
<generatorID>F4BF83B4-1472-0C7C-6694-81AA28284FFC</generatorID>
<ownerDesignName>sumativa2_modelo_relacional</ownerDesignName>
<indexState>Unique Constraint</indexState>
<isSurrogateKey>false</isSurrogateKey>
<indexColumnUsage>
<colUsage columnID="C9011216-FCDA-51AB-7227-C79D78C36651"/>
</indexColumnUsage>
</ind_PK_UK>
</indexes>
</Table>
