<?xml version = '1.0' encoding = 'UTF-8'?>
<Table class="oracle.dbtools.crest.model.design.relational.Table" directorySegmentName="seg_0" id="7836A60E-86BD-D737-5BA5-E8FADEEFD1D2" name="ATENCION_MEDICA">
<createdBy>esteb</createdBy>
<createdTime>2025-09-15 18:59:14 UTC</createdTime>
<generatorID>E914CC7F-C120-C3DF-F9B5-936720E55B11</generatorID>
<ownerDesignName>sumativa2_modelo_relacional</ownerDesignName>
<allowColumnReorder>false</allowColumnReorder>
<existDependencyGenerateInDDl>true</existDependencyGenerateInDDl>
<parsed>true</parsed>
<columns itemClass="oracle.dbtools.crest.model.design.relational.Column">
<Column name="id_atencion" id="3DEE5434-08DB-B383-52D0-8EDEE7BDE241">
<createdBy>esteb</createdBy>
<createdTime>2025-09-15 18:59:14 UTC</createdTime>
<generatorID>3E372585-9DC3-6B15-61E2-9A79B7871C28</generatorID>
<ownerDesignName>sumativa2_modelo_relacional</ownerDesignName>
<useDomainConstraints>false</useDomainConstraints>
<use>1</use>
<logicalDatatype>LOGDT019</logicalDatatype>
<ownDataTypeParameters>,,</ownDataTypeParameters>
<autoIncrementCycle>false</autoIncrementCycle>
</Column>
<Column name="fecha_a" id="8597C9C7-3E02-365F-7D8D-4B69D3ABA0AD">
<createdBy>esteb</createdBy>
<createdTime>2025-09-15 18:59:14 UTC</createdTime>
<generatorID>77C799EF-B6C0-5B47-B130-50AD6485ECC1</generatorID>
<ownerDesignName>sumativa2_modelo_relacional</ownerDesignName>
<useDomainConstraints>false</useDomainConstraints>
<use>1</use>
<logicalDatatype>LOGDT007</logicalDatatype>
<ownDataTypeParameters>,,</ownDataTypeParameters>
<autoIncrementCycle>false</autoIncrementCycle>
</Column>
<Column name="hora_a" id="C8C6D36A-E6C7-0790-8F94-E36EFD15D41C">
<createdBy>esteb</createdBy>
<createdTime>2025-09-15 18:59:14 UTC</createdTime>
<generatorID>EEEA0F72-4378-C343-FEE2-EEE8BCF1C78F</generatorID>
<ownerDesignName>sumativa2_modelo_relacional</ownerDesignName>
<useDomainConstraints>false</useDomainConstraints>
<use>1</use>
<logicalDatatype>LOGDT014</logicalDatatype>
<ownDataTypeParameters>,,</ownDataTypeParameters>
<autoIncrementCycle>false</autoIncrementCycle>
</Column>
<Column name="examenes_solicitados" id="757AAE8C-1FFE-4741-D52F-DA40D6DA8793">
<createdBy>esteb</createdBy>
<createdTime>2025-09-15 18:59:14 UTC</createdTime>
<generatorID>1C28812D-8892-A1FA-EFB5-AA4B69822A19</generatorID>
<ownerDesignName>sumativa2_modelo_relacional</ownerDesignName>
<useDomainConstraints>false</useDomainConstraints>
<use>1</use>
<logicalDatatype>LOGDT024</logicalDatatype>
<dataTypeSize>100</dataTypeSize>
<ownDataTypeParameters>100,,</ownDataTypeParameters>
<autoIncrementCycle>false</autoIncrementCycle>
</Column>
<Column name="MEDICO_id_medico" id="6F11D377-83FA-CF4F-33C6-2DAFE14000C8">
<createdBy>esteb</createdBy>
<createdTime>2025-09-15 18:59:14 UTC</createdTime>
<generatorID>75002309-E318-0AA1-22A0-5BD9E344D62C</generatorID>
<ownerDesignName>sumativa2_modelo_relacional</ownerDesignName>
<useDomainConstraints>false</useDomainConstraints>
<use>1</use>
<logicalDatatype>LOGDT019</logicalDatatype>
<ownDataTypeParameters>,,</ownDataTypeParameters>
<previousColumn>false</previousColumn>
<autoIncrementCycle>false</autoIncrementCycle>
<associations>
<colAssociation fkAssociation="34BCF84B-94A7-D4A0-0A17-8CCA74B70C08" referredColumn="4257859C-88B7-C10C-1857-74BCD43350A8"/>
</associations>
</Column>
<Column name="MEDICO_INSTITUCION_SALUD_id_is" id="C8125DE0-6E7A-1ECC-7450-5340ECDA372F">
<createdBy>esteb</createdBy>
<createdTime>2025-09-15 18:59:14 UTC</createdTime>
<generatorID>AE00F089-E6F9-54B9-5F4E-F658FDDFAADE</generatorID>
<ownerDesignName>sumativa2_modelo_relacional</ownerDesignName>
<useDomainConstraints>false</useDomainConstraints>
<use>1</use>
<logicalDatatype>LOGDT019</logicalDatatype>
<ownDataTypeParameters>,,</ownDataTypeParameters>
<previousColumn>false</previousColumn>
<autoIncrementCycle>false</autoIncrementCycle>
<associations>
<colAssociation fkAssociation="34BCF84B-94A7-D4A0-0A17-8CCA74B70C08" referredColumn="88CD4318-0D4A-77C2-A0CF-2724EE616918"/>
</associations>
</Column>
<Column name="PACIENTE_id_paciente" id="6510F0DB-D1B7-7872-4B22-639A7A4FC1A5">
<createdBy>esteb</createdBy>
<createdTime>2025-09-15 18:59:14 UTC</createdTime>
<generatorID>751960AF-351C-41E0-EAB7-FA90EA1D4D25</generatorID>
<ownerDesignName>sumativa2_modelo_relacional</ownerDesignName>
<useDomainConstraints>false</useDomainConstraints>
<use>1</use>
<logicalDatatype>LOGDT019</logicalDatatype>
<ownDataTypeParameters>,,</ownDataTypeParameters>
<previousColumn>false</previousColumn>
<autoIncrementCycle>false</autoIncrementCycle>
<associations>
<colAssociation fkAssociation="D1451F4F-DDB3-15B4-86F9-35C67097EA99" referredColumn="1D94F8AA-7688-FD57-2EF5-E554CBF5C14A"/>
</associations>
</Column>
<Column name="PAGO_ATENCION_id_pago" id="D452C5C6-C198-FC70-2F15-D5AC050F26A1">
<createdBy>esteb</createdBy>
<createdTime>2025-09-15 18:59:14 UTC</createdTime>
<generatorID>A376D527-0D11-FAC1-AED0-1C4176003789</generatorID>
<ownerDesignName>sumativa2_modelo_relacional</ownerDesignName>
<useDomainConstraints>false</useDomainConstraints>
<use>1</use>
<logicalDatatype>LOGDT019</logicalDatatype>
<ownDataTypeParameters>,,</ownDataTypeParameters>
<previousColumn>false</previousColumn>
<autoIncrementCycle>false</autoIncrementCycle>
<associations>
<colAssociation fkAssociation="72AE1A26-902D-170A-E62A-8214FD1AB548" referredColumn="9A69A0F3-3232-72A0-EEFD-6B75362FDF4C"/>
</associations>
</Column>
<Column name="DIAGNOSTICO_id_diagnostico" id="FBC83CD1-AB21-E012-03EF-FE18D216E750">
<createdBy>esteb</createdBy>
<createdTime>2025-09-15 18:59:14 UTC</createdTime>
<generatorID>45370305-F28A-6865-0E9B-C21AD60ACC10</generatorID>
<ownerDesignName>sumativa2_modelo_relacional</ownerDesignName>
<useDomainConstraints>false</useDomainConstraints>
<use>1</use>
<logicalDatatype>LOGDT019</logicalDatatype>
<ownDataTypeParameters>,,</ownDataTypeParameters>
<previousColumn>false</previousColumn>
<autoIncrementCycle>false</autoIncrementCycle>
<associations>
<colAssociation fkAssociation="6D324BC6-2346-3F02-262B-413E232654C7" referredColumn="CDB9E2AC-510E-847D-1BB5-A4D4B6933786"/>
</associations>
</Column>
</columns>
<indexes itemClass="oracle.dbtools.crest.model.design.relational.Index">
<ind_PK_UK id="6D727B6F-5C98-7E86-FB2D-F0F1CE8A1C51" name="PK_ATENCION_MEDICA">
<createdBy>esteb</createdBy>
<createdTime>2025-09-15 18:59:14 UTC</createdTime>
<generatorID>10CA3535-F57F-F503-9643-11A3CAE9B826</generatorID>
<ownerDesignName>sumativa2_modelo_relacional</ownerDesignName>
<pk>true</pk>
<indexState>Primary Constraint</indexState>
<isSurrogateKey>false</isSurrogateKey>
<indexColumnUsage>
<colUsage columnID="3DEE5434-08DB-B383-52D0-8EDEE7BDE241"/>
<colUsage columnID="FBC83CD1-AB21-E012-03EF-FE18D216E750"/>
</indexColumnUsage>
</ind_PK_UK>
<ind_PK_UK id="E1FDB7EC-44E6-5D89-2BE7-EE303AA03CD4" name="ATENCION_MEDICA_examenes_solicitados_UN">
<createdBy>esteb</createdBy>
<createdTime>2025-09-15 23:03:34 UTC</createdTime>
<generatorID>44B0AE56-7758-CFFE-0A8B-AD2B802BE5D1</generatorID>
<ownerDesignName>sumativa2_modelo_relacional</ownerDesignName>
<indexState>Unique Constraint</indexState>
<isSurrogateKey>false</isSurrogateKey>
<indexColumnUsage>
<colUsage columnID="757AAE8C-1FFE-4741-D52F-DA40D6DA8793"/>
</indexColumnUsage>
</ind_PK_UK>
<ind_PK_UK id="7483594E-CA6F-EA05-2117-0E40592FDBF2" name="ATENCION_MEDICA__IDX">
<createdBy>esteb</createdBy>
<createdTime>2025-09-15 18:59:14 UTC</createdTime>
<ownerDesignName>sumativa2_modelo_relacional</ownerDesignName>
<indexState>Unique Plain Index</indexState>
<isSurrogateKey>false</isSurrogateKey>
<relationGeneratorID>8ABD254D-8B69-C82B-74E9-C5047BBF9063</relationGeneratorID>
<indexColumnUsage>
<colUsage columnID="D452C5C6-C198-FC70-2F15-D5AC050F26A1"/>
</indexColumnUsage>
</ind_PK_UK>
<ind_PK_UK id="4F6D7A36-C0BF-9BCF-7AF7-A7866734B653" name="ATENCION_MEDICA_MEDICO_FK">
<createdBy>esteb</createdBy>
<createdTime>2025-09-15 18:59:14 UTC</createdTime>
<generatorID>C710B95F-DA13-24C6-0C80-465DD44ECFF9</generatorID>
<ownerDesignName>sumativa2_modelo_relacional</ownerDesignName>
<indexState>Foreign Key</indexState>
<isSurrogateKey>false</isSurrogateKey>
<indexColumnUsage>
<colUsage columnID="6F11D377-83FA-CF4F-33C6-2DAFE14000C8"/>
<colUsage columnID="C8125DE0-6E7A-1ECC-7450-5340ECDA372F"/>
</indexColumnUsage>
</ind_PK_UK>
<ind_PK_UK id="7FDEE531-7F21-D818-8734-EEDB2861515A" name="ATENCION_MEDICA_PACIENTE_FK">
<createdBy>esteb</createdBy>
<createdTime>2025-09-15 18:59:14 UTC</createdTime>
<generatorID>BAE54474-EDD4-F8C8-3ED9-C9BA60E7CD72</generatorID>
<ownerDesignName>sumativa2_modelo_relacional</ownerDesignName>
<indexState>Foreign Key</indexState>
<isSurrogateKey>false</isSurrogateKey>
<indexColumnUsage>
<colUsage columnID="6510F0DB-D1B7-7872-4B22-639A7A4FC1A5"/>
</indexColumnUsage>
</ind_PK_UK>
<ind_PK_UK id="70F6002D-9885-B066-8A51-4A77EB548308" name="ATENCION_MEDICA_PAGO_ATENCION_FK">
<createdBy>esteb</createdBy>
<createdTime>2025-09-15 18:59:14 UTC</createdTime>
<generatorID>8ABD254D-8B69-C82B-74E9-C5047BBF9063</generatorID>
<ownerDesignName>sumativa2_modelo_relacional</ownerDesignName>
<indexState>Foreign Key</indexState>
<isSurrogateKey>false</isSurrogateKey>
<indexColumnUsage>
<colUsage columnID="D452C5C6-C198-FC70-2F15-D5AC050F26A1"/>
</indexColumnUsage>
</ind_PK_UK>
<ind_PK_UK id="6B18BA37-858C-958D-52CA-590BBB4058CF" name="ATENCION_MEDICA_DIAGNOSTICO_FK">
<createdBy>esteb</createdBy>
<createdTime>2025-09-15 18:59:14 UTC</createdTime>
<generatorID>B464FA56-493C-5A7A-BABE-83727592D909</generatorID>
<ownerDesignName>sumativa2_modelo_relacional</ownerDesignName>
<indexState>Foreign Key</indexState>
<isSurrogateKey>false</isSurrogateKey>
<indexColumnUsage>
<colUsage columnID="FBC83CD1-AB21-E012-03EF-FE18D216E750"/>
</indexColumnUsage>
</ind_PK_UK>
</indexes>
</Table>
