<?xml version = '1.0' encoding = 'UTF-8'?>
<Table class="oracle.dbtools.crest.model.design.relational.Table" directorySegmentName="seg_0" id="7F2E52DF-7AE4-CCDF-49C3-ECB5EF0C45C3" name="EXAMENES_SOLICITADOS">
<createdBy>esteb</createdBy>
<createdTime>2025-09-15 18:59:14 UTC</createdTime>
<generatorID>6C3A968F-89AC-FE9E-F4B8-0A1330F236A7</generatorID>
<ownerDesignName>sumativa2_modelo_relacional</ownerDesignName>
<allowColumnReorder>false</allowColumnReorder>
<existDependencyGenerateInDDl>true</existDependencyGenerateInDDl>
<parsed>true</parsed>
<columns itemClass="oracle.dbtools.crest.model.design.relational.Column">
<Column name="examen_1" id="83CC1A2B-BB6A-5AA0-9886-F7F4E755B373">
<createdBy>esteb</createdBy>
<createdTime>2025-09-15 18:59:14 UTC</createdTime>
<generatorID>EA3E907B-735E-5485-81D6-214FDA7DFAF5</generatorID>
<ownerDesignName>sumativa2_modelo_relacional</ownerDesignName>
<useDomainConstraints>false</useDomainConstraints>
<use>1</use>
<logicalDatatype>LOGDT024</logicalDatatype>
<dataTypeSize>25 CHAR</dataTypeSize>
<ownDataTypeParameters>25 CHAR,,</ownDataTypeParameters>
<autoIncrementCycle>false</autoIncrementCycle>
</Column>
<Column name="examen_2" id="86CCEEE3-F049-EAB4-76CE-7F387D929060">
<createdBy>esteb</createdBy>
<createdTime>2025-09-15 18:59:14 UTC</createdTime>
<generatorID>4D71851B-6167-5A89-51FC-9EB24885AD6C</generatorID>
<ownerDesignName>sumativa2_modelo_relacional</ownerDesignName>
<nullsAllowed>true</nullsAllowed>
<useDomainConstraints>false</useDomainConstraints>
<use>1</use>
<logicalDatatype>LOGDT024</logicalDatatype>
<dataTypeSize>25 CHAR</dataTypeSize>
<ownDataTypeParameters>25 CHAR,,</ownDataTypeParameters>
<autoIncrementCycle>false</autoIncrementCycle>
</Column>
<Column name="examen_3" id="B99D1928-7F35-DFD3-588C-E59E872B7376">
<createdBy>esteb</createdBy>
<createdTime>2025-09-15 18:59:14 UTC</createdTime>
<generatorID>8D997043-A32B-E8E8-BF8B-1E39532F6D48</generatorID>
<ownerDesignName>sumativa2_modelo_relacional</ownerDesignName>
<nullsAllowed>true</nullsAllowed>
<useDomainConstraints>false</useDomainConstraints>
<use>1</use>
<logicalDatatype>LOGDT024</logicalDatatype>
<dataTypeSize>25 CHAR</dataTypeSize>
<ownDataTypeParameters>25 CHAR,,</ownDataTypeParameters>
<autoIncrementCycle>false</autoIncrementCycle>
</Column>
<Column name="ATENCION_MEDICA_id_atencion" id="7B9CC6AE-E07B-1697-871F-46A0B17FF88B">
<createdBy>esteb</createdBy>
<createdTime>2025-09-15 18:59:14 UTC</createdTime>
<generatorID>EAADAF14-0962-D2C3-6197-F086BC73C81F</generatorID>
<ownerDesignName>sumativa2_modelo_relacional</ownerDesignName>
<useDomainConstraints>false</useDomainConstraints>
<use>1</use>
<logicalDatatype>LOGDT019</logicalDatatype>
<ownDataTypeParameters>,,</ownDataTypeParameters>
<previousColumn>false</previousColumn>
<autoIncrementCycle>false</autoIncrementCycle>
<associations>
<colAssociation fkAssociation="8947F451-5614-6617-C4C7-1CBC2EC56357" referredColumn="3DEE5434-08DB-B383-52D0-8EDEE7BDE241"/>
</associations>
</Column>
<Column name="ATENCION_MEDICA_DIAGNOSTICO_id_diagnostico" id="4FF78EA3-92B9-E3A6-584D-0AC8A1644FAA">
<createdBy>esteb</createdBy>
<createdTime>2025-09-15 18:59:14 UTC</createdTime>
<generatorID>7B09DBA7-0753-4282-90D0-1C2670B527C3</generatorID>
<ownerDesignName>sumativa2_modelo_relacional</ownerDesignName>
<useDomainConstraints>false</useDomainConstraints>
<use>1</use>
<logicalDatatype>LOGDT019</logicalDatatype>
<ownDataTypeParameters>,,</ownDataTypeParameters>
<previousColumn>false</previousColumn>
<autoIncrementCycle>false</autoIncrementCycle>
<associations>
<colAssociation fkAssociation="8947F451-5614-6617-C4C7-1CBC2EC56357" referredColumn="FBC83CD1-AB21-E012-03EF-FE18D216E750"/>
</associations>
</Column>
</columns>
<indexes itemClass="oracle.dbtools.crest.model.design.relational.Index">
<ind_PK_UK id="4C4F9D90-1BCB-F4DB-3939-ACDFFE8F5B79" name="EXAMENES_SOLICITADOS_ATENCION_MEDICA_FK">
<createdBy>esteb</createdBy>
<createdTime>2025-09-15 18:59:14 UTC</createdTime>
<generatorID>BDC72A85-C888-261C-365B-C2A9FAE7C3BC</generatorID>
<ownerDesignName>sumativa2_modelo_relacional</ownerDesignName>
<indexState>Foreign Key</indexState>
<isSurrogateKey>false</isSurrogateKey>
<indexColumnUsage>
<colUsage columnID="7B9CC6AE-E07B-1697-871F-46A0B17FF88B"/>
<colUsage columnID="4FF78EA3-92B9-E3A6-584D-0AC8A1644FAA"/>
</indexColumnUsage>
</ind_PK_UK>
</indexes>
</Table>
