<?xml version = '1.0' encoding = 'UTF-8'?>
<Table class="oracle.dbtools.crest.model.design.relational.Table" directorySegmentName="seg_0" id="8F179B00-DFCA-450C-D2A8-8388678670EA" name="TI_ME_EX_LB">
<createdBy>esteb</createdBy>
<createdTime>2025-09-15 18:59:14 UTC</createdTime>
<ownerDesignName>sumativa2_modelo_relacional</ownerDesignName>
<ordsAlias>relation_14</ordsAlias>
<allowColumnReorder>false</allowColumnReorder>
<existDependencyGenerateInDDl>true</existDependencyGenerateInDDl>
<parsed>true</parsed>
<columns itemClass="oracle.dbtools.crest.model.design.relational.Column">
<Column name="EXAMENES_LABO_codigo" id="B7F74A97-3DAE-2B6C-7051-A3FF0FFE2881">
<createdBy>esteb</createdBy>
<createdTime>2025-09-15 18:59:14 UTC</createdTime>
<ownerDesignName>sumativa2_modelo_relacional</ownerDesignName>
<useDomainConstraints>false</useDomainConstraints>
<use>1</use>
<logicalDatatype>LOGDT019</logicalDatatype>
<ownDataTypeParameters>,,</ownDataTypeParameters>
<previousColumn>false</previousColumn>
<autoIncrementCycle>false</autoIncrementCycle>
<associations>
<colAssociation fkAssociation="3EB95DD4-12DA-B1D7-AECE-18903F0DAD7E" referredColumn="E2EDD5B8-579C-28C7-0550-361883C630C1"/>
</associations>
</Column>
<Column name="MEDICO_id_medico" id="66A4ED3A-5FD6-47EF-2799-FF11156A5FE0">
<createdBy>esteb</createdBy>
<createdTime>2025-09-15 18:59:14 UTC</createdTime>
<ownerDesignName>sumativa2_modelo_relacional</ownerDesignName>
<useDomainConstraints>false</useDomainConstraints>
<use>1</use>
<logicalDatatype>LOGDT019</logicalDatatype>
<ownDataTypeParameters>,,</ownDataTypeParameters>
<previousColumn>false</previousColumn>
<autoIncrementCycle>false</autoIncrementCycle>
<associations>
<colAssociation fkAssociation="48460F18-FB16-9070-DD72-151BE62961AB" referredColumn="4257859C-88B7-C10C-1857-74BCD43350A8"/>
</associations>
</Column>
<Column name="MEDICO_id_is" id="C494C262-1544-36AC-D844-35545A941865">
<createdBy>esteb</createdBy>
<createdTime>2025-09-15 18:59:14 UTC</createdTime>
<ownerDesignName>sumativa2_modelo_relacional</ownerDesignName>
<useDomainConstraints>false</useDomainConstraints>
<use>1</use>
<logicalDatatype>LOGDT019</logicalDatatype>
<ownDataTypeParameters>,,</ownDataTypeParameters>
<previousColumn>false</previousColumn>
<autoIncrementCycle>false</autoIncrementCycle>
<associations>
<colAssociation fkAssociation="48460F18-FB16-9070-DD72-151BE62961AB" referredColumn="88CD4318-0D4A-77C2-A0CF-2724EE616918"/>
</associations>
</Column>
</columns>
<indexes itemClass="oracle.dbtools.crest.model.design.relational.Index">
<ind_PK_UK id="35764EBB-3310-FD7E-B17D-5E6664B773EC" name="PK_Relation_14">
<createdBy>esteb</createdBy>
<createdTime>2025-09-15 18:59:14 UTC</createdTime>
<ownerDesignName>sumativa2_modelo_relacional</ownerDesignName>
<pk>true</pk>
<indexState>Primary Constraint</indexState>
<isSurrogateKey>false</isSurrogateKey>
<indexColumnUsage>
<colUsage columnID="B7F74A97-3DAE-2B6C-7051-A3FF0FFE2881"/>
<colUsage columnID="66A4ED3A-5FD6-47EF-2799-FF11156A5FE0"/>
<colUsage columnID="C494C262-1544-36AC-D844-35545A941865"/>
</indexColumnUsage>
</ind_PK_UK>
<ind_PK_UK id="1CCE9EFE-42B1-9503-39CB-4DFEBD731065" name="FK_Relation_14_EXAMENES_LABO">
<createdBy>esteb</createdBy>
<createdTime>2025-09-15 18:59:14 UTC</createdTime>
<generatorID>D84DF5B9-41A6-6972-3DE9-C1DBC287276E</generatorID>
<ownerDesignName>sumativa2_modelo_relacional</ownerDesignName>
<indexState>Foreign Key</indexState>
<isSurrogateKey>false</isSurrogateKey>
<indexColumnUsage>
<colUsage columnID="B7F74A97-3DAE-2B6C-7051-A3FF0FFE2881"/>
</indexColumnUsage>
</ind_PK_UK>
<ind_PK_UK id="D4A3B2EA-B6BA-244D-BBCA-45A9A8390E02" name="FK_Relation_14_MEDICO">
<createdBy>esteb</createdBy>
<createdTime>2025-09-15 18:59:14 UTC</createdTime>
<generatorID>D84DF5B9-41A6-6972-3DE9-C1DBC287276E</generatorID>
<ownerDesignName>sumativa2_modelo_relacional</ownerDesignName>
<indexState>Foreign Key</indexState>
<isSurrogateKey>false</isSurrogateKey>
<indexColumnUsage>
<colUsage columnID="66A4ED3A-5FD6-47EF-2799-FF11156A5FE0"/>
<colUsage columnID="C494C262-1544-36AC-D844-35545A941865"/>
</indexColumnUsage>
</ind_PK_UK>
</indexes>
</Table>
