<?xml version = '1.0' encoding = 'UTF-8'?>
<Table class="oracle.dbtools.crest.model.design.relational.Table" directorySegmentName="seg_0" id="AD253441-06BD-4805-4C26-83EF1CA9A8E4" name="TI_TA_AM">
<createdBy>esteb</createdBy>
<createdTime>2025-09-15 18:59:14 UTC</createdTime>
<ownerDesignName>sumativa2_modelo_relacional</ownerDesignName>
<ordsAlias>relation_1</ordsAlias>
<allowColumnReorder>false</allowColumnReorder>
<existDependencyGenerateInDDl>true</existDependencyGenerateInDDl>
<parsed>true</parsed>
<columns itemClass="oracle.dbtools.crest.model.design.relational.Column">
<Column name="ATENCION_MEDICA_id_atencion" id="ACA1A08D-7A8B-5D89-62A0-0A708618B82E">
<createdBy>esteb</createdBy>
<createdTime>2025-09-15 18:59:14 UTC</createdTime>
<ownerDesignName>sumativa2_modelo_relacional</ownerDesignName>
<useDomainConstraints>false</useDomainConstraints>
<use>1</use>
<logicalDatatype>LOGDT019</logicalDatatype>
<ownDataTypeParameters>,,</ownDataTypeParameters>
<previousColumn>false</previousColumn>
<autoIncrementCycle>false</autoIncrementCycle>
<associations>
<colAssociation fkAssociation="60E7F17C-CB5F-D0D2-5D67-BCDA9FB909C9" referredColumn="3DEE5434-08DB-B383-52D0-8EDEE7BDE241"/>
</associations>
</Column>
<Column name="ATENCION_MEDICA_id_diagnostico" id="F844AFB8-AEC7-8B2F-8434-F341B17BCA2B">
<createdBy>esteb</createdBy>
<createdTime>2025-09-15 18:59:14 UTC</createdTime>
<ownerDesignName>sumativa2_modelo_relacional</ownerDesignName>
<useDomainConstraints>false</useDomainConstraints>
<use>1</use>
<logicalDatatype>LOGDT019</logicalDatatype>
<ownDataTypeParameters>,,</ownDataTypeParameters>
<previousColumn>false</previousColumn>
<autoIncrementCycle>false</autoIncrementCycle>
<associations>
<colAssociation fkAssociation="60E7F17C-CB5F-D0D2-5D67-BCDA9FB909C9" referredColumn="FBC83CD1-AB21-E012-03EF-FE18D216E750"/>
</associations>
</Column>
<Column name="TIPO_ATENCION_id_tipo" id="C7850413-903D-514B-7B49-AD2639605E5D">
<createdBy>esteb</createdBy>
<createdTime>2025-09-15 18:59:14 UTC</createdTime>
<ownerDesignName>sumativa2_modelo_relacional</ownerDesignName>
<useDomainConstraints>false</useDomainConstraints>
<use>1</use>
<logicalDatatype>LOGDT019</logicalDatatype>
<ownDataTypeParameters>,,</ownDataTypeParameters>
<previousColumn>false</previousColumn>
<autoIncrementCycle>false</autoIncrementCycle>
<associations>
<colAssociation fkAssociation="1B2EC07A-5A21-2565-AEA4-7F46FA5570CD" referredColumn="D44D5BC8-47EF-B9DE-4879-EAA18BCA71A0"/>
</associations>
</Column>
</columns>
<indexes itemClass="oracle.dbtools.crest.model.design.relational.Index">
<ind_PK_UK id="81D923F3-4445-2AF6-DB98-329167A34662" name="PK_Relation_1">
<createdBy>esteb</createdBy>
<createdTime>2025-09-15 18:59:14 UTC</createdTime>
<ownerDesignName>sumativa2_modelo_relacional</ownerDesignName>
<pk>true</pk>
<indexState>Primary Constraint</indexState>
<isSurrogateKey>false</isSurrogateKey>
<indexColumnUsage>
<colUsage columnID="ACA1A08D-7A8B-5D89-62A0-0A708618B82E"/>
<colUsage columnID="F844AFB8-AEC7-8B2F-8434-F341B17BCA2B"/>
<colUsage columnID="C7850413-903D-514B-7B49-AD2639605E5D"/>
</indexColumnUsage>
</ind_PK_UK>
<ind_PK_UK id="C43D035B-228B-FAA5-F764-662610CA5F50" name="FK_Relation_1_ATENCION_MEDICA">
<createdBy>esteb</createdBy>
<createdTime>2025-09-15 18:59:14 UTC</createdTime>
<generatorID>CC7E9D23-72E2-AC54-B668-E94DD798C897</generatorID>
<ownerDesignName>sumativa2_modelo_relacional</ownerDesignName>
<indexState>Foreign Key</indexState>
<isSurrogateKey>false</isSurrogateKey>
<indexColumnUsage>
<colUsage columnID="ACA1A08D-7A8B-5D89-62A0-0A708618B82E"/>
<colUsage columnID="F844AFB8-AEC7-8B2F-8434-F341B17BCA2B"/>
</indexColumnUsage>
</ind_PK_UK>
<ind_PK_UK id="88EA17CA-98AD-9EF3-C7BF-933BAD3944DB" name="FK_Relation_1_TIPO_ATENCION">
<createdBy>esteb</createdBy>
<createdTime>2025-09-15 18:59:14 UTC</createdTime>
<generatorID>CC7E9D23-72E2-AC54-B668-E94DD798C897</generatorID>
<ownerDesignName>sumativa2_modelo_relacional</ownerDesignName>
<indexState>Foreign Key</indexState>
<isSurrogateKey>false</isSurrogateKey>
<indexColumnUsage>
<colUsage columnID="C7850413-903D-514B-7B49-AD2639605E5D"/>
</indexColumnUsage>
</ind_PK_UK>
</indexes>
</Table>
