<?xml version = '1.0' encoding = 'UTF-8'?>
<Table class="oracle.dbtools.crest.model.design.relational.Table" directorySegmentName="seg_0" id="BC22E50D-88BD-8D82-CB33-C06F2223940E" name="PACIENTE">
<createdBy>esteb</createdBy>
<createdTime>2025-09-15 18:59:14 UTC</createdTime>
<generatorID>621B27EB-F1D4-1EF5-A75B-A1E11DAC210A</generatorID>
<ownerDesignName>sumativa2_modelo_relacional</ownerDesignName>
<allowColumnReorder>false</allowColumnReorder>
<existDependencyGenerateInDDl>true</existDependencyGenerateInDDl>
<parsed>true</parsed>
<columns itemClass="oracle.dbtools.crest.model.design.relational.Column">
<Column name="id_paciente" id="1D94F8AA-7688-FD57-2EF5-E554CBF5C14A">
<createdBy>esteb</createdBy>
<createdTime>2025-09-15 18:59:14 UTC</createdTime>
<generatorID>A6AA6EE3-E31C-B148-11A5-F0BA9F0DE071</generatorID>
<ownerDesignName>sumativa2_modelo_relacional</ownerDesignName>
<useDomainConstraints>false</useDomainConstraints>
<use>1</use>
<logicalDatatype>LOGDT019</logicalDatatype>
<ownDataTypeParameters>,,</ownDataTypeParameters>
<autoIncrementCycle>false</autoIncrementCycle>
</Column>
<Column name="rut_paciente" id="BCDD1F48-BFFC-9779-9395-65D72A80EAD9">
<createdBy>esteb</createdBy>
<createdTime>2025-09-15 18:59:14 UTC</createdTime>
<generatorID>B61F7774-ADB5-E134-2276-28F0DC8F8A26</generatorID>
<ownerDesignName>sumativa2_modelo_relacional</ownerDesignName>
<useDomainConstraints>false</useDomainConstraints>
<use>1</use>
<logicalDatatype>LOGDT024</logicalDatatype>
<dataTypeSize>10 CHAR</dataTypeSize>
<ownDataTypeParameters>10 CHAR,,</ownDataTypeParameters>
<autoIncrementCycle>false</autoIncrementCycle>
</Column>
<Column name="nombre_p" id="98C36BB5-E711-C7C9-0989-6A3B58109D93">
<createdBy>esteb</createdBy>
<createdTime>2025-09-15 18:59:14 UTC</createdTime>
<generatorID>EB8699BF-E4BA-D92C-D939-62B2BA040124</generatorID>
<ownerDesignName>sumativa2_modelo_relacional</ownerDesignName>
<useDomainConstraints>false</useDomainConstraints>
<use>1</use>
<logicalDatatype>LOGDT024</logicalDatatype>
<dataTypeSize>100 CHAR</dataTypeSize>
<ownDataTypeParameters>100 CHAR,,</ownDataTypeParameters>
<autoIncrementCycle>false</autoIncrementCycle>
</Column>
<Column name="fecha_n" id="3DCFE5F3-4245-7AE6-4BA8-8A15192DD391">
<createdBy>esteb</createdBy>
<createdTime>2025-09-15 18:59:14 UTC</createdTime>
<generatorID>2E5C4421-E36D-6CCB-4B7C-5B2120C63155</generatorID>
<ownerDesignName>sumativa2_modelo_relacional</ownerDesignName>
<useDomainConstraints>false</useDomainConstraints>
<use>1</use>
<logicalDatatype>LOGDT007</logicalDatatype>
<ownDataTypeParameters>,,</ownDataTypeParameters>
<autoIncrementCycle>false</autoIncrementCycle>
</Column>
<Column name="direccion" id="174F9AC3-0385-0450-E180-5D6879BA6648">
<createdBy>esteb</createdBy>
<createdTime>2025-09-15 18:59:14 UTC</createdTime>
<generatorID>33CA4764-AA84-417F-4264-C3CBA192B255</generatorID>
<ownerDesignName>sumativa2_modelo_relacional</ownerDesignName>
<useDomainConstraints>false</useDomainConstraints>
<use>1</use>
<logicalDatatype>LOGDT024</logicalDatatype>
<dataTypeSize>100 CHAR</dataTypeSize>
<ownDataTypeParameters>100 CHAR,,</ownDataTypeParameters>
<autoIncrementCycle>false</autoIncrementCycle>
</Column>
<Column name="COMUNA_id_comuna" id="8EA2642B-C605-CBAA-28CC-7BCEF656AF4B">
<createdBy>esteb</createdBy>
<createdTime>2025-09-15 18:59:14 UTC</createdTime>
<generatorID>E96A6CF7-3D1B-6F7C-96F9-8E8512EA941A</generatorID>
<ownerDesignName>sumativa2_modelo_relacional</ownerDesignName>
<useDomainConstraints>false</useDomainConstraints>
<use>1</use>
<logicalDatatype>LOGDT019</logicalDatatype>
<ownDataTypeParameters>,,</ownDataTypeParameters>
<previousColumn>false</previousColumn>
<autoIncrementCycle>false</autoIncrementCycle>
<associations>
<colAssociation fkAssociation="065DCCC6-9A87-8685-E3AE-701458835739" referredColumn="39899435-F96E-0D96-C2BA-A38153EFE1CD"/>
</associations>
</Column>
<Column name="GENERO_id_genero" id="50C571E8-85DF-790F-AD1F-CCA76EA8EE3D">
<createdBy>esteb</createdBy>
<createdTime>2025-09-15 18:59:14 UTC</createdTime>
<generatorID>7280BC9F-B00B-EBE6-96DC-BAB1988E4791</generatorID>
<ownerDesignName>sumativa2_modelo_relacional</ownerDesignName>
<useDomainConstraints>false</useDomainConstraints>
<use>1</use>
<logicalDatatype>LOGDT019</logicalDatatype>
<ownDataTypeParameters>,,</ownDataTypeParameters>
<previousColumn>false</previousColumn>
<autoIncrementCycle>false</autoIncrementCycle>
<associations>
<colAssociation fkAssociation="A663E62C-362F-B015-30E5-A48409B07640" referredColumn="559884D0-C2FC-C817-C64A-A30BE9CB2002"/>
</associations>
</Column>
<Column name="tipo_paciente" id="7D3E8BF4-0008-79A4-85CC-F3D9A0C6597A">
<createdBy>esteb</createdBy>
<createdTime>2025-09-15 19:18:49 UTC</createdTime>
<ownerDesignName>sumativa2_modelo_relacional</ownerDesignName>
<useDomainConstraints>false</useDomainConstraints>
<use>1</use>
<logicalDatatype>LOGDT024</logicalDatatype>
<dataTypeSize>25</dataTypeSize>
<ownDataTypeParameters>25,,</ownDataTypeParameters>
<autoIncrementCycle>false</autoIncrementCycle>
</Column>
</columns>
<indexes itemClass="oracle.dbtools.crest.model.design.relational.Index">
<ind_PK_UK id="DC1C3C13-69A0-1E73-028D-55B026DB7961" name="PACIENTE_PK">
<createdBy>esteb</createdBy>
<createdTime>2025-09-15 18:59:14 UTC</createdTime>
<generatorID>85AD62E1-B4DE-0E05-08CA-D2D3A4FEF7F0</generatorID>
<ownerDesignName>sumativa2_modelo_relacional</ownerDesignName>
<pk>true</pk>
<indexState>Primary Constraint</indexState>
<isSurrogateKey>false</isSurrogateKey>
<indexColumnUsage>
<colUsage columnID="1D94F8AA-7688-FD57-2EF5-E554CBF5C14A"/>
</indexColumnUsage>
</ind_PK_UK>
<ind_PK_UK id="DB93697A-6A5E-2850-95C1-A56DD2B6FC1F" name="PACIENTE_rut_paciente_UN">
<createdBy>esteb</createdBy>
<createdTime>2025-09-15 23:03:34 UTC</createdTime>
<generatorID>DBBF5AC6-B486-F222-D52E-63835A6DB477</generatorID>
<ownerDesignName>sumativa2_modelo_relacional</ownerDesignName>
<indexState>Unique Constraint</indexState>
<isSurrogateKey>false</isSurrogateKey>
<indexColumnUsage>
<colUsage columnID="BCDD1F48-BFFC-9779-9395-65D72A80EAD9"/>
</indexColumnUsage>
</ind_PK_UK>
<ind_PK_UK id="F6D4C5B1-3A50-F09D-CD51-6D4605B03E55" name="PACIENTE_COMUNA_FK">
<createdBy>esteb</createdBy>
<createdTime>2025-09-15 18:59:14 UTC</createdTime>
<generatorID>8FD2CEF3-252F-810F-56AC-A596C571D22C</generatorID>
<ownerDesignName>sumativa2_modelo_relacional</ownerDesignName>
<indexState>Foreign Key</indexState>
<isSurrogateKey>false</isSurrogateKey>
<indexColumnUsage>
<colUsage columnID="8EA2642B-C605-CBAA-28CC-7BCEF656AF4B"/>
</indexColumnUsage>
</ind_PK_UK>
<ind_PK_UK id="D10B65AE-DD4E-8DCE-28C0-C7CA2494DB34" name="PACIENTE_GENERO_FK">
<createdBy>esteb</createdBy>
<createdTime>2025-09-15 18:59:14 UTC</createdTime>
<generatorID>A458DAB1-4E8D-F2F7-0B8A-A4AB52CF5F16</generatorID>
<ownerDesignName>sumativa2_modelo_relacional</ownerDesignName>
<indexState>Foreign Key</indexState>
<isSurrogateKey>false</isSurrogateKey>
<indexColumnUsage>
<colUsage columnID="50C571E8-85DF-790F-AD1F-CCA76EA8EE3D"/>
</indexColumnUsage>
</ind_PK_UK>
</indexes>
</Table>
