<?xml version = '1.0' encoding = 'UTF-8'?>
<Table class="oracle.dbtools.crest.model.design.relational.Table" directorySegmentName="seg_0" id="EB0B405B-D846-2370-0E33-3D124C333F52" name="MODALIDAD">
<createdBy>esteb</createdBy>
<createdTime>2025-09-15 18:59:14 UTC</createdTime>
<generatorID>DE649E4C-B481-7E12-6A38-B43FE6A0AC61</generatorID>
<ownerDesignName>sumativa2_modelo_relacional</ownerDesignName>
<allowColumnReorder>false</allowColumnReorder>
<existDependencyGenerateInDDl>true</existDependencyGenerateInDDl>
<parsed>true</parsed>
<columns itemClass="oracle.dbtools.crest.model.design.relational.Column">
<Column name="id_modalidad" id="91EA6DBB-3092-382F-596E-9735D29AE897">
<createdBy>esteb</createdBy>
<createdTime>2025-09-15 18:59:14 UTC</createdTime>
<generatorID>8F1517C8-509B-9C46-9CB5-299E414ADBD0</generatorID>
<ownerDesignName>sumativa2_modelo_relacional</ownerDesignName>
<useDomainConstraints>false</useDomainConstraints>
<use>1</use>
<logicalDatatype>LOGDT019</logicalDatatype>
<ownDataTypeParameters>,,</ownDataTypeParameters>
<autoIncrementCycle>false</autoIncrementCycle>
</Column>
<Column name="nombre_m" id="D2639C8E-63B5-EEBB-7496-F81DE0279F31">
<createdBy>esteb</createdBy>
<createdTime>2025-09-15 18:59:14 UTC</createdTime>
<generatorID>59BAA06F-E2D9-A4D1-8EFD-1D5C65647B5F</generatorID>
<ownerDesignName>sumativa2_modelo_relacional</ownerDesignName>
<useDomainConstraints>false</useDomainConstraints>
<use>1</use>
<logicalDatatype>LOGDT024</logicalDatatype>
<dataTypeSize>10</dataTypeSize>
<ownDataTypeParameters>10,,</ownDataTypeParameters>
<autoIncrementCycle>false</autoIncrementCycle>
</Column>
</columns>
<indexes itemClass="oracle.dbtools.crest.model.design.relational.Index">
<ind_PK_UK id="611B3A66-A013-BC43-85C5-E4E9F5BC291B" name="PK_MODALIDAD">
<createdBy>esteb</createdBy>
<createdTime>2025-09-15 18:59:14 UTC</createdTime>
<generatorID>CFB55884-D214-DF99-E15B-740149FCFA58</generatorID>
<ownerDesignName>sumativa2_modelo_relacional</ownerDesignName>
<pk>true</pk>
<indexState>Primary Constraint</indexState>
<isSurrogateKey>false</isSurrogateKey>
<indexColumnUsage>
<colUsage columnID="91EA6DBB-3092-382F-596E-9735D29AE897"/>
</indexColumnUsage>
</ind_PK_UK>
<ind_PK_UK id="E768F171-FED5-FE81-3ACF-E34570E1DE3B" name="MODALIDAD_nombre_m_UN">
<createdBy>esteb</createdBy>
<createdTime>2025-09-15 23:03:34 UTC</createdTime>
<generatorID>B9BE6A6F-2F49-779E-8531-419425EFE44A</generatorID>
<ownerDesignName>sumativa2_modelo_relacional</ownerDesignName>
<indexState>Unique Constraint</indexState>
<isSurrogateKey>false</isSurrogateKey>
<indexColumnUsage>
<colUsage columnID="D2639C8E-63B5-EEBB-7496-F81DE0279F31"/>
</indexColumnUsage>
</ind_PK_UK>
</indexes>
</Table>
