<?xml version = '1.0' encoding = 'UTF-8'?>
<Entity class="oracle.dbtools.crest.model.design.logical.Entity" directorySegmentName="seg_0" id="0C344A42-905F-8A5C-287A-818C3B61BC0E" name="AFP">
<createdBy>esteb</createdBy>
<createdTime>2025-09-15 02:46:27 UTC</createdTime>
<ownerDesignName>sumativa2_modelo_relacional</ownerDesignName>
<engineerTo>
<item key="07A8347A-AA38-52A3-D4B1-372680C066B8" value="true"/>
</engineerTo>
<adequatelyNormalized>NO</adequatelyNormalized>
<expectedVolumes>0</expectedVolumes>
<fwdEngineeringStrategyName>Single Table</fwdEngineeringStrategyName>
<growthPercent>0</growthPercent>
<growthType>Year</growthType>
<maxVolumes>9999999</maxVolumes>
<minVolumes>0</minVolumes>
<normalForm>Third</normalForm>
<attributes itemClass="oracle.dbtools.crest.model.design.logical.Attribute">
<Attribute name="id_afp" id="5A5AD422-04BB-6811-1AF0-4031B1B329AE">
<createdBy>esteb</createdBy>
<createdTime>2025-09-15 02:46:45 UTC</createdTime>
<ownerDesignName>sumativa2_modelo_relacional</ownerDesignName>
<engineerTo>
<item key="07A8347A-AA38-52A3-D4B1-372680C066B8" value="true"/>
</engineerTo>
<useDomainConstraints>false</useDomainConstraints>
<use>1</use>
<logicalDatatype>LOGDT019</logicalDatatype>
<ownDataTypeParameters>,,</ownDataTypeParameters>
</Attribute>
<Attribute name="nombre_a" id="8BA2EB70-6B37-E442-2316-1230DAB9F6B9">
<createdBy>esteb</createdBy>
<createdTime>2025-09-15 02:47:19 UTC</createdTime>
<ownerDesignName>sumativa2_modelo_relacional</ownerDesignName>
<engineerTo>
<item key="07A8347A-AA38-52A3-D4B1-372680C066B8" value="true"/>
</engineerTo>
<useDomainConstraints>false</useDomainConstraints>
<use>1</use>
<logicalDatatype>LOGDT024</logicalDatatype>
<dataTypeSize>25 CHAR</dataTypeSize>
<ownDataTypeParameters>25 CHAR,,</ownDataTypeParameters>
</Attribute>
</attributes>
<identifiers itemClass="oracle.dbtools.crest.model.design.logical.CandidateKey">
<identifier id="CD4B4642-BE0F-96B9-DD80-914882D655D1" name="AFP PK">
<createdBy>esteb</createdBy>
<createdTime>2025-09-15 02:47:14 UTC</createdTime>
<ownerDesignName>sumativa2_modelo_relacional</ownerDesignName>
<shouldEngineer>false</shouldEngineer>
<engineerTo>
<item key="07A8347A-AA38-52A3-D4B1-372680C066B8" value="false"/>
</engineerTo>
<pk>true</pk>
<usedAttributes>
<attributeRef>5A5AD422-04BB-6811-1AF0-4031B1B329AE</attributeRef>
</usedAttributes>
</identifier>
<identifier id="0602D218-ACE3-8CEC-557E-16418417A004" name="UK_AFP_NOMBRE_A">
<createdBy>esteb</createdBy>
<createdTime>2025-09-15 22:34:03 UTC</createdTime>
<ownerDesignName>sumativa2_modelo_relacional</ownerDesignName>
<engineerTo>
<item key="07A8347A-AA38-52A3-D4B1-372680C066B8" value="true"/>
</engineerTo>
<newElementsIDs>8BA2EB70-6B37-E442-2316-1230DAB9F6B9</newElementsIDs>
<usedAttributes>
<attributeRef>8BA2EB70-6B37-E442-2316-1230DAB9F6B9</attributeRef>
</usedAttributes>
</identifier>
</identifiers>
</Entity>
