<?xml version = '1.0' encoding = 'UTF-8'?>
<Entity class="oracle.dbtools.crest.model.design.logical.Entity" directorySegmentName="seg_0" id="1814771D-C688-045B-0293-E065A4D96E74" name="PAGO_ATENCION">
<createdBy>esteb</createdBy>
<createdTime>2025-09-15 03:02:45 UTC</createdTime>
<ownerDesignName>sumativa2_modelo_relacional</ownerDesignName>
<engineerTo>
<item key="07A8347A-AA38-52A3-D4B1-372680C066B8" value="true"/>
</engineerTo>
<adequatelyNormalized>NO</adequatelyNormalized>
<expectedVolumes>0</expectedVolumes>
<fwdEngineeringStrategyName>Single Table</fwdEngineeringStrategyName>
<growthPercent>0</growthPercent>
<growthType>Year</growthType>
<maxVolumes>9999999</maxVolumes>
<minVolumes>0</minVolumes>
<normalForm>Third</normalForm>
<attributes itemClass="oracle.dbtools.crest.model.design.logical.Attribute">
<Attribute name="monto_pagado" id="01E61398-DBC3-7C0B-4752-2C506B5324AE">
<createdBy>esteb</createdBy>
<createdTime>2025-09-15 03:03:57 UTC</createdTime>
<ownerDesignName>sumativa2_modelo_relacional</ownerDesignName>
<engineerTo>
<item key="07A8347A-AA38-52A3-D4B1-372680C066B8" value="true"/>
</engineerTo>
<constraintName>CK_PAGO_ATENCION_MONTO_PAGADO</constraintName>
<useDomainConstraints>false</useDomainConstraints>
<use>1</use>
<logicalDatatype>LOGDT019</logicalDatatype>
<checkConstraint>
<implementationDef dbType="Generic Constraint" definition="monto_pagado &gt; 0"/>
</checkConstraint>
<ownDataTypeParameters>,,</ownDataTypeParameters>
</Attribute>
<Attribute name="fecha_pago" id="62910452-1FA0-CB0E-0AF7-850F159820D8">
<createdBy>esteb</createdBy>
<createdTime>2025-09-15 03:04:51 UTC</createdTime>
<ownerDesignName>sumativa2_modelo_relacional</ownerDesignName>
<engineerTo>
<item key="07A8347A-AA38-52A3-D4B1-372680C066B8" value="true"/>
</engineerTo>
<useDomainConstraints>false</useDomainConstraints>
<use>1</use>
<logicalDatatype>LOGDT007</logicalDatatype>
<ownDataTypeParameters>,,</ownDataTypeParameters>
</Attribute>
<Attribute name="id_pago" id="C0D7CC0C-B44B-2A64-4980-1A8F6F4B4193">
<createdBy>esteb</createdBy>
<createdTime>2025-09-15 03:03:16 UTC</createdTime>
<ownerDesignName>sumativa2_modelo_relacional</ownerDesignName>
<engineerTo>
<item key="07A8347A-AA38-52A3-D4B1-372680C066B8" value="true"/>
</engineerTo>
<useDomainConstraints>false</useDomainConstraints>
<use>1</use>
<logicalDatatype>LOGDT019</logicalDatatype>
<ownDataTypeParameters>,,</ownDataTypeParameters>
</Attribute>
<Attribute name="folio" id="171B8F17-07E9-CD81-2FAF-A8F0A98CF0B5">
<createdBy>esteb</createdBy>
<createdTime>2025-09-15 18:56:54 UTC</createdTime>
<ownerDesignName>sumativa2_modelo_relacional</ownerDesignName>
<engineerTo>
<item key="07A8347A-AA38-52A3-D4B1-372680C066B8" value="true"/>
</engineerTo>
<useDomainConstraints>false</useDomainConstraints>
<use>1</use>
<logicalDatatype>LOGDT019</logicalDatatype>
<ownDataTypeParameters>,,</ownDataTypeParameters>
</Attribute>
</attributes>
<identifiers itemClass="oracle.dbtools.crest.model.design.logical.CandidateKey">
<identifier id="8FF64D14-2121-3165-1E2E-60216C0AB70C" name="PAGO_ATENCION PK">
<createdBy>esteb</createdBy>
<createdTime>2025-09-15 03:03:51 UTC</createdTime>
<ownerDesignName>sumativa2_modelo_relacional</ownerDesignName>
<shouldEngineer>false</shouldEngineer>
<engineerTo>
<item key="07A8347A-AA38-52A3-D4B1-372680C066B8" value="false"/>
</engineerTo>
<pk>true</pk>
<usedAttributes>
<attributeRef>C0D7CC0C-B44B-2A64-4980-1A8F6F4B4193</attributeRef>
</usedAttributes>
</identifier>
<identifier id="4674D365-AA89-BE97-D52E-F2113AF8FF10" name="UK_PAGO_ATENCION_FOLIO">
<createdBy>esteb</createdBy>
<createdTime>2025-09-15 22:26:56 UTC</createdTime>
<ownerDesignName>sumativa2_modelo_relacional</ownerDesignName>
<engineerTo>
<item key="07A8347A-AA38-52A3-D4B1-372680C066B8" value="true"/>
</engineerTo>
<newElementsIDs>171B8F17-07E9-CD81-2FAF-A8F0A98CF0B5</newElementsIDs>
<usedAttributes>
<attributeRef>171B8F17-07E9-CD81-2FAF-A8F0A98CF0B5</attributeRef>
</usedAttributes>
</identifier>
</identifiers>
</Entity>
