<?xml version = '1.0' encoding = 'UTF-8'?>
<Entity class="oracle.dbtools.crest.model.design.logical.Entity" directorySegmentName="seg_0" id="2094B1EE-BC01-5BDD-CBB8-66466BB45A53" name="INSTITUCION_SALUD">
<createdBy>esteb</createdBy>
<createdTime>2025-09-15 02:47:51 UTC</createdTime>
<ownerDesignName>sumativa2_modelo_relacional</ownerDesignName>
<engineerTo>
<item key="07A8347A-AA38-52A3-D4B1-372680C066B8" value="true"/>
</engineerTo>
<adequatelyNormalized>NO</adequatelyNormalized>
<expectedVolumes>0</expectedVolumes>
<fwdEngineeringStrategyName>Single Table</fwdEngineeringStrategyName>
<growthPercent>0</growthPercent>
<growthType>Year</growthType>
<maxVolumes>9999999</maxVolumes>
<minVolumes>0</minVolumes>
<normalForm>Third</normalForm>
<attributes itemClass="oracle.dbtools.crest.model.design.logical.Attribute">
<Attribute name="id_is" id="BB8AE48C-851D-841E-7F5D-CF2B6D65C74E">
<createdBy>esteb</createdBy>
<createdTime>2025-09-15 02:48:16 UTC</createdTime>
<ownerDesignName>sumativa2_modelo_relacional</ownerDesignName>
<engineerTo>
<item key="07A8347A-AA38-52A3-D4B1-372680C066B8" value="true"/>
</engineerTo>
<useDomainConstraints>false</useDomainConstraints>
<use>1</use>
<logicalDatatype>LOGDT019</logicalDatatype>
<ownDataTypeParameters>,,</ownDataTypeParameters>
</Attribute>
<Attribute name="nombre_is" id="9E73E54B-3C28-8A3E-6F9A-82FE7E9EC1A8">
<createdBy>esteb</createdBy>
<createdTime>2025-09-15 02:48:46 UTC</createdTime>
<ownerDesignName>sumativa2_modelo_relacional</ownerDesignName>
<engineerTo>
<item key="07A8347A-AA38-52A3-D4B1-372680C066B8" value="true"/>
</engineerTo>
<useDomainConstraints>false</useDomainConstraints>
<use>1</use>
<logicalDatatype>LOGDT024</logicalDatatype>
<dataTypeSize>25 CHAR</dataTypeSize>
<ownDataTypeParameters>25 CHAR,,</ownDataTypeParameters>
</Attribute>
</attributes>
<identifiers itemClass="oracle.dbtools.crest.model.design.logical.CandidateKey">
<identifier id="280AE362-783C-A645-36A8-805D6622C26B" name="INSTITUCION_SALUD PK">
<createdBy>esteb</createdBy>
<createdTime>2025-09-15 02:48:39 UTC</createdTime>
<ownerDesignName>sumativa2_modelo_relacional</ownerDesignName>
<shouldEngineer>false</shouldEngineer>
<engineerTo>
<item key="07A8347A-AA38-52A3-D4B1-372680C066B8" value="false"/>
</engineerTo>
<pk>true</pk>
<usedAttributes>
<attributeRef>BB8AE48C-851D-841E-7F5D-CF2B6D65C74E</attributeRef>
</usedAttributes>
</identifier>
<identifier id="A6A2A149-A226-3779-895A-1D5BA98498AD" name="UK_INSTITUCION_SALUD_NOMBRE_IS">
<createdBy>esteb</createdBy>
<createdTime>2025-09-15 22:33:18 UTC</createdTime>
<ownerDesignName>sumativa2_modelo_relacional</ownerDesignName>
<engineerTo>
<item key="07A8347A-AA38-52A3-D4B1-372680C066B8" value="true"/>
</engineerTo>
<newElementsIDs>9E73E54B-3C28-8A3E-6F9A-82FE7E9EC1A8</newElementsIDs>
<usedAttributes>
<attributeRef>9E73E54B-3C28-8A3E-6F9A-82FE7E9EC1A8</attributeRef>
</usedAttributes>
</identifier>
</identifiers>
</Entity>
