<?xml version = '1.0' encoding = 'UTF-8'?>
<Entity class="oracle.dbtools.crest.model.design.logical.Entity" directorySegmentName="seg_0" id="225833B4-5DF2-F994-2CC6-076D4D467629" name="TIPO_PAGO">
<createdBy>esteb</createdBy>
<createdTime>2025-09-15 03:06:11 UTC</createdTime>
<ownerDesignName>sumativa2_modelo_relacional</ownerDesignName>
<engineerTo>
<item key="07A8347A-AA38-52A3-D4B1-372680C066B8" value="true"/>
</engineerTo>
<adequatelyNormalized>NO</adequatelyNormalized>
<expectedVolumes>0</expectedVolumes>
<fwdEngineeringStrategyName>Single Table</fwdEngineeringStrategyName>
<growthPercent>0</growthPercent>
<growthType>Year</growthType>
<maxVolumes>9999999</maxVolumes>
<minVolumes>0</minVolumes>
<normalForm>Third</normalForm>
<attributes itemClass="oracle.dbtools.crest.model.design.logical.Attribute">
<Attribute name="metodo_pago" id="0899DD0D-8501-EB26-2903-5770E0E4035B">
<createdBy>esteb</createdBy>
<createdTime>2025-09-15 03:06:22 UTC</createdTime>
<ownerDesignName>sumativa2_modelo_relacional</ownerDesignName>
<engineerTo>
<item key="07A8347A-AA38-52A3-D4B1-372680C066B8" value="true"/>
</engineerTo>
<useDomainConstraints>false</useDomainConstraints>
<use>1</use>
<logicalDatatype>LOGDT024</logicalDatatype>
<dataTypeSize>20 CHAR</dataTypeSize>
<ownDataTypeParameters>20 CHAR,,</ownDataTypeParameters>
</Attribute>
<Attribute name="id_pago" id="2629ECC3-261B-B994-595B-7186BA107E30">
<createdBy>esteb</createdBy>
<createdTime>2025-09-15 03:06:57 UTC</createdTime>
<generatorID>1B792F6B-8855-76E0-B65C-FA89D1FF94CB</generatorID>
<ownerDesignName>sumativa2_modelo_relacional</ownerDesignName>
<engineerTo>
<item key="07A8347A-AA38-52A3-D4B1-372680C066B8" value="true"/>
</engineerTo>
<referedAttribute>C0D7CC0C-B44B-2A64-4980-1A8F6F4B4193</referedAttribute>
<useDomainConstraints>false</useDomainConstraints>
<use>1</use>
<logicalDatatype>LOGDT019</logicalDatatype>
<ownDataTypeParameters>,,</ownDataTypeParameters>
</Attribute>
</attributes>
<identifiers itemClass="oracle.dbtools.crest.model.design.logical.CandidateKey">
<identifier id="7BA389D6-C0E6-B38F-6F4A-24A7B390F979" name="UK_TIPO_PAGO_METODO_PAGO">
<createdBy>esteb</createdBy>
<createdTime>2025-09-15 22:25:38 UTC</createdTime>
<ownerDesignName>sumativa2_modelo_relacional</ownerDesignName>
<engineerTo>
<item key="07A8347A-AA38-52A3-D4B1-372680C066B8" value="true"/>
</engineerTo>
<newElementsIDs>0899DD0D-8501-EB26-2903-5770E0E4035B</newElementsIDs>
<usedAttributes>
<attributeRef>0899DD0D-8501-EB26-2903-5770E0E4035B</attributeRef>
</usedAttributes>
</identifier>
</identifiers>
</Entity>
