<?xml version = '1.0' encoding = 'UTF-8'?>
<Entity class="oracle.dbtools.crest.model.design.logical.Entity" directorySegmentName="seg_0" id="30E16E20-C560-8E51-4D51-4D6CAD04A846" name="GENERO">
<createdBy>esteb</createdBy>
<createdTime>2025-09-15 02:56:31 UTC</createdTime>
<ownerDesignName>sumativa2_modelo_relacional</ownerDesignName>
<engineerTo>
<item key="07A8347A-AA38-52A3-D4B1-372680C066B8" value="true"/>
</engineerTo>
<adequatelyNormalized>NO</adequatelyNormalized>
<expectedVolumes>0</expectedVolumes>
<fwdEngineeringStrategyName>Single Table</fwdEngineeringStrategyName>
<growthPercent>0</growthPercent>
<growthType>Year</growthType>
<maxVolumes>9999999</maxVolumes>
<minVolumes>0</minVolumes>
<normalForm>Third</normalForm>
<attributes itemClass="oracle.dbtools.crest.model.design.logical.Attribute">
<Attribute name="id_genero" id="7A388646-B552-7028-5CDC-4C20005956C4">
<createdBy>esteb</createdBy>
<createdTime>2025-09-15 02:56:51 UTC</createdTime>
<ownerDesignName>sumativa2_modelo_relacional</ownerDesignName>
<engineerTo>
<item key="07A8347A-AA38-52A3-D4B1-372680C066B8" value="true"/>
</engineerTo>
<useDomainConstraints>false</useDomainConstraints>
<use>1</use>
<logicalDatatype>LOGDT019</logicalDatatype>
<ownDataTypeParameters>,,</ownDataTypeParameters>
</Attribute>
<Attribute name="nombre" id="9ED85FCA-AE14-602F-62F6-277B48AC26A1">
<createdBy>esteb</createdBy>
<createdTime>2025-09-15 02:57:16 UTC</createdTime>
<ownerDesignName>sumativa2_modelo_relacional</ownerDesignName>
<engineerTo>
<item key="07A8347A-AA38-52A3-D4B1-372680C066B8" value="true"/>
</engineerTo>
<useDomainConstraints>false</useDomainConstraints>
<use>1</use>
<logicalDatatype>LOGDT024</logicalDatatype>
<dataTypeSize>10 CHAR</dataTypeSize>
<ownDataTypeParameters>10 CHAR,,</ownDataTypeParameters>
</Attribute>
</attributes>
<identifiers itemClass="oracle.dbtools.crest.model.design.logical.CandidateKey">
<identifier id="2D904FF7-302C-67FC-F95D-848A66400016" name="GENERO PK">
<createdBy>esteb</createdBy>
<createdTime>2025-09-15 02:57:13 UTC</createdTime>
<ownerDesignName>sumativa2_modelo_relacional</ownerDesignName>
<shouldEngineer>false</shouldEngineer>
<engineerTo>
<item key="07A8347A-AA38-52A3-D4B1-372680C066B8" value="false"/>
</engineerTo>
<pk>true</pk>
<usedAttributes>
<attributeRef>7A388646-B552-7028-5CDC-4C20005956C4</attributeRef>
</usedAttributes>
</identifier>
<identifier id="4B9DDB52-B8BA-74F7-64B6-6B0592567543" name="UK_GENERO_NOMBRE">
<createdBy>esteb</createdBy>
<createdTime>2025-09-15 22:24:31 UTC</createdTime>
<ownerDesignName>sumativa2_modelo_relacional</ownerDesignName>
<engineerTo>
<item key="07A8347A-AA38-52A3-D4B1-372680C066B8" value="true"/>
</engineerTo>
<newElementsIDs>9ED85FCA-AE14-602F-62F6-277B48AC26A1</newElementsIDs>
<usedAttributes>
<attributeRef>9ED85FCA-AE14-602F-62F6-277B48AC26A1</attributeRef>
</usedAttributes>
</identifier>
</identifiers>
</Entity>
