<?xml version = '1.0' encoding = 'UTF-8'?>
<Entity class="oracle.dbtools.crest.model.design.logical.Entity" directorySegmentName="seg_0" id="32CB8424-3981-C171-A188-5CAC288E996A" name="ESPECIALIDAD">
<createdBy>esteb</createdBy>
<createdTime>2025-09-15 02:44:56 UTC</createdTime>
<ownerDesignName>sumativa2_modelo_relacional</ownerDesignName>
<engineerTo>
<item key="07A8347A-AA38-52A3-D4B1-372680C066B8" value="true"/>
</engineerTo>
<adequatelyNormalized>NO</adequatelyNormalized>
<expectedVolumes>0</expectedVolumes>
<fwdEngineeringStrategyName>Single Table</fwdEngineeringStrategyName>
<growthPercent>0</growthPercent>
<growthType>Year</growthType>
<maxVolumes>9999999</maxVolumes>
<minVolumes>0</minVolumes>
<normalForm>Third</normalForm>
<attributes itemClass="oracle.dbtools.crest.model.design.logical.Attribute">
<Attribute name="id_especialidad" id="BC13661C-BD80-9CF8-137A-9E23F2762C5A">
<createdBy>esteb</createdBy>
<createdTime>2025-09-15 02:45:05 UTC</createdTime>
<ownerDesignName>sumativa2_modelo_relacional</ownerDesignName>
<engineerTo>
<item key="07A8347A-AA38-52A3-D4B1-372680C066B8" value="true"/>
</engineerTo>
<useDomainConstraints>false</useDomainConstraints>
<use>1</use>
<logicalDatatype>LOGDT019</logicalDatatype>
<ownDataTypeParameters>,,</ownDataTypeParameters>
</Attribute>
<Attribute name="nombre_e" id="FBA1BB07-F1C8-51E1-414C-401FC81DA448">
<createdBy>esteb</createdBy>
<createdTime>2025-09-15 02:45:34 UTC</createdTime>
<ownerDesignName>sumativa2_modelo_relacional</ownerDesignName>
<engineerTo>
<item key="07A8347A-AA38-52A3-D4B1-372680C066B8" value="true"/>
</engineerTo>
<useDomainConstraints>false</useDomainConstraints>
<use>1</use>
<logicalDatatype>LOGDT024</logicalDatatype>
<dataTypeSize>25 CHAR</dataTypeSize>
<ownDataTypeParameters>25 CHAR,,</ownDataTypeParameters>
</Attribute>
</attributes>
<identifiers itemClass="oracle.dbtools.crest.model.design.logical.CandidateKey">
<identifier id="5DDA37D5-5F23-3451-A2C9-BD0534DEFD75" name="ESPECIALIDAD PK">
<createdBy>esteb</createdBy>
<createdTime>2025-09-15 02:45:31 UTC</createdTime>
<ownerDesignName>sumativa2_modelo_relacional</ownerDesignName>
<shouldEngineer>false</shouldEngineer>
<engineerTo>
<item key="07A8347A-AA38-52A3-D4B1-372680C066B8" value="false"/>
</engineerTo>
<pk>true</pk>
<usedAttributes>
<attributeRef>BC13661C-BD80-9CF8-137A-9E23F2762C5A</attributeRef>
</usedAttributes>
</identifier>
<identifier id="76517182-F52B-6FFB-64CD-D9CCAB2C2AC9" name="UK_ESPECIALIDAD_NOMBRE_E">
<createdBy>esteb</createdBy>
<createdTime>2025-09-15 22:28:14 UTC</createdTime>
<ownerDesignName>sumativa2_modelo_relacional</ownerDesignName>
<engineerTo>
<item key="07A8347A-AA38-52A3-D4B1-372680C066B8" value="true"/>
</engineerTo>
<newElementsIDs>FBA1BB07-F1C8-51E1-414C-401FC81DA448</newElementsIDs>
<usedAttributes>
<attributeRef>FBA1BB07-F1C8-51E1-414C-401FC81DA448</attributeRef>
</usedAttributes>
</identifier>
</identifiers>
</Entity>
