<?xml version = '1.0' encoding = 'UTF-8'?>
<Entity class="oracle.dbtools.crest.model.design.logical.Entity" directorySegmentName="seg_0" id="621B27EB-F1D4-1EF5-A75B-A1E11DAC210A" name="PACIENTE">
<createdBy>esteb</createdBy>
<createdTime>2025-09-15 02:52:26 UTC</createdTime>
<ownerDesignName>sumativa2_modelo_relacional</ownerDesignName>
<engineerTo>
<item key="07A8347A-AA38-52A3-D4B1-372680C066B8" value="true"/>
</engineerTo>
<adequatelyNormalized>NO</adequatelyNormalized>
<expectedVolumes>0</expectedVolumes>
<fwdEngineeringStrategyName>Single Table</fwdEngineeringStrategyName>
<growthPercent>0</growthPercent>
<growthType>Year</growthType>
<maxVolumes>9999999</maxVolumes>
<minVolumes>0</minVolumes>
<normalForm>Third</normalForm>
<attributes itemClass="oracle.dbtools.crest.model.design.logical.Attribute">
<Attribute name="id_paciente" id="A6AA6EE3-E31C-B148-11A5-F0BA9F0DE071">
<createdBy>esteb</createdBy>
<createdTime>2025-09-15 02:53:04 UTC</createdTime>
<ownerDesignName>sumativa2_modelo_relacional</ownerDesignName>
<engineerTo>
<item key="07A8347A-AA38-52A3-D4B1-372680C066B8" value="true"/>
</engineerTo>
<useDomainConstraints>false</useDomainConstraints>
<use>1</use>
<logicalDatatype>LOGDT019</logicalDatatype>
<ownDataTypeParameters>,,</ownDataTypeParameters>
</Attribute>
<Attribute name="rut_paciente " id="B61F7774-ADB5-E134-2276-28F0DC8F8A26">
<createdBy>esteb</createdBy>
<createdTime>2025-09-15 02:53:28 UTC</createdTime>
<ownerDesignName>sumativa2_modelo_relacional</ownerDesignName>
<engineerTo>
<item key="07A8347A-AA38-52A3-D4B1-372680C066B8" value="true"/>
</engineerTo>
<useDomainConstraints>false</useDomainConstraints>
<use>1</use>
<logicalDatatype>LOGDT024</logicalDatatype>
<dataTypeSize>10 CHAR</dataTypeSize>
<ownDataTypeParameters>10 CHAR,,</ownDataTypeParameters>
</Attribute>
<Attribute name="nombre_p" id="EB8699BF-E4BA-D92C-D939-62B2BA040124">
<createdBy>esteb</createdBy>
<createdTime>2025-09-15 02:53:54 UTC</createdTime>
<ownerDesignName>sumativa2_modelo_relacional</ownerDesignName>
<engineerTo>
<item key="07A8347A-AA38-52A3-D4B1-372680C066B8" value="true"/>
</engineerTo>
<useDomainConstraints>false</useDomainConstraints>
<use>1</use>
<logicalDatatype>LOGDT024</logicalDatatype>
<dataTypeSize>100 CHAR</dataTypeSize>
<ownDataTypeParameters>100 CHAR,,</ownDataTypeParameters>
</Attribute>
<Attribute name="fecha_n" id="2E5C4421-E36D-6CCB-4B7C-5B2120C63155">
<createdBy>esteb</createdBy>
<createdTime>2025-09-15 02:54:32 UTC</createdTime>
<ownerDesignName>sumativa2_modelo_relacional</ownerDesignName>
<engineerTo>
<item key="07A8347A-AA38-52A3-D4B1-372680C066B8" value="true"/>
</engineerTo>
<useDomainConstraints>false</useDomainConstraints>
<use>1</use>
<logicalDatatype>LOGDT007</logicalDatatype>
<ownDataTypeParameters>,,</ownDataTypeParameters>
</Attribute>
<Attribute name="direccion" id="33CA4764-AA84-417F-4264-C3CBA192B255">
<createdBy>esteb</createdBy>
<createdTime>2025-09-15 02:54:52 UTC</createdTime>
<ownerDesignName>sumativa2_modelo_relacional</ownerDesignName>
<engineerTo>
<item key="07A8347A-AA38-52A3-D4B1-372680C066B8" value="true"/>
</engineerTo>
<useDomainConstraints>false</useDomainConstraints>
<use>1</use>
<logicalDatatype>LOGDT024</logicalDatatype>
<dataTypeSize>100 CHAR</dataTypeSize>
<ownDataTypeParameters>100 CHAR,,</ownDataTypeParameters>
</Attribute>
<Attribute name="id_comuna " id="E96A6CF7-3D1B-6F7C-96F9-8E8512EA941A">
<createdBy>esteb</createdBy>
<createdTime>2025-09-15 03:00:10 UTC</createdTime>
<generatorID>8FD2CEF3-252F-810F-56AC-A596C571D22C</generatorID>
<ownerDesignName>sumativa2_modelo_relacional</ownerDesignName>
<engineerTo>
<item key="07A8347A-AA38-52A3-D4B1-372680C066B8" value="true"/>
</engineerTo>
<referedAttribute>69E23C20-9C06-3C33-58A1-63F9AD28FC13</referedAttribute>
<useDomainConstraints>false</useDomainConstraints>
<use>1</use>
<logicalDatatype>LOGDT019</logicalDatatype>
<ownDataTypeParameters>,,</ownDataTypeParameters>
</Attribute>
<Attribute name="id_genero" id="7280BC9F-B00B-EBE6-96DC-BAB1988E4791">
<createdBy>esteb</createdBy>
<createdTime>2025-09-15 03:00:35 UTC</createdTime>
<generatorID>A458DAB1-4E8D-F2F7-0B8A-A4AB52CF5F16</generatorID>
<ownerDesignName>sumativa2_modelo_relacional</ownerDesignName>
<engineerTo>
<item key="07A8347A-AA38-52A3-D4B1-372680C066B8" value="true"/>
</engineerTo>
<referedAttribute>7A388646-B552-7028-5CDC-4C20005956C4</referedAttribute>
<useDomainConstraints>false</useDomainConstraints>
<use>1</use>
<logicalDatatype>LOGDT019</logicalDatatype>
<ownDataTypeParameters>,,</ownDataTypeParameters>
</Attribute>
</attributes>
<identifiers itemClass="oracle.dbtools.crest.model.design.logical.CandidateKey">
<identifier id="85AD62E1-B4DE-0E05-08CA-D2D3A4FEF7F0" name="PACIENTE PK">
<createdBy>esteb</createdBy>
<createdTime>2025-09-15 02:53:26 UTC</createdTime>
<ownerDesignName>sumativa2_modelo_relacional</ownerDesignName>
<shouldEngineer>false</shouldEngineer>
<engineerTo>
<item key="07A8347A-AA38-52A3-D4B1-372680C066B8" value="false"/>
</engineerTo>
<pk>true</pk>
<usedAttributes>
<attributeRef>A6AA6EE3-E31C-B148-11A5-F0BA9F0DE071</attributeRef>
</usedAttributes>
</identifier>
<identifier id="DBBF5AC6-B486-F222-D52E-63835A6DB477" name="UK_PACIENTE_RUT_PACIENTE">
<createdBy>esteb</createdBy>
<createdTime>2025-09-15 22:29:38 UTC</createdTime>
<ownerDesignName>sumativa2_modelo_relacional</ownerDesignName>
<engineerTo>
<item key="07A8347A-AA38-52A3-D4B1-372680C066B8" value="true"/>
</engineerTo>
<newElementsIDs>B61F7774-ADB5-E134-2276-28F0DC8F8A26</newElementsIDs>
<usedAttributes>
<attributeRef>B61F7774-ADB5-E134-2276-28F0DC8F8A26</attributeRef>
</usedAttributes>
</identifier>
</identifiers>
</Entity>
