<?xml version = '1.0' encoding = 'UTF-8'?>
<Entity class="oracle.dbtools.crest.model.design.logical.Entity" directorySegmentName="seg_0" id="9C3A448E-A9F2-B2CD-5317-25055096E136" name="COMUNA">
<createdBy>esteb</createdBy>
<createdTime>2025-09-15 02:58:47 UTC</createdTime>
<ownerDesignName>sumativa2_modelo_relacional</ownerDesignName>
<engineerTo>
<item key="07A8347A-AA38-52A3-D4B1-372680C066B8" value="true"/>
</engineerTo>
<adequatelyNormalized>NO</adequatelyNormalized>
<expectedVolumes>0</expectedVolumes>
<fwdEngineeringStrategyName>Single Table</fwdEngineeringStrategyName>
<growthPercent>0</growthPercent>
<growthType>Year</growthType>
<maxVolumes>9999999</maxVolumes>
<minVolumes>0</minVolumes>
<normalForm>Third</normalForm>
<attributes itemClass="oracle.dbtools.crest.model.design.logical.Attribute">
<Attribute name="id_comuna " id="69E23C20-9C06-3C33-58A1-63F9AD28FC13">
<createdBy>esteb</createdBy>
<createdTime>2025-09-15 02:58:57 UTC</createdTime>
<ownerDesignName>sumativa2_modelo_relacional</ownerDesignName>
<engineerTo>
<item key="07A8347A-AA38-52A3-D4B1-372680C066B8" value="true"/>
</engineerTo>
<useDomainConstraints>false</useDomainConstraints>
<use>1</use>
<logicalDatatype>LOGDT019</logicalDatatype>
<ownDataTypeParameters>,,</ownDataTypeParameters>
</Attribute>
<Attribute name="nombre" id="E7C3C59D-EC00-9C35-53C2-1994BEBD8626">
<createdBy>esteb</createdBy>
<createdTime>2025-09-15 02:59:18 UTC</createdTime>
<ownerDesignName>sumativa2_modelo_relacional</ownerDesignName>
<engineerTo>
<item key="07A8347A-AA38-52A3-D4B1-372680C066B8" value="true"/>
</engineerTo>
<useDomainConstraints>false</useDomainConstraints>
<use>1</use>
<logicalDatatype>LOGDT024</logicalDatatype>
<dataTypeSize>50 CHAR</dataTypeSize>
<ownDataTypeParameters>50 CHAR,,</ownDataTypeParameters>
</Attribute>
<Attribute name="nombre1" id="419B5F81-4884-682C-4AB3-04B72F5D2E2D">
<createdBy>esteb</createdBy>
<createdTime>2025-09-15 21:59:50 UTC</createdTime>
<generatorID>C9600634-339A-991E-A047-909AE243F497</generatorID>
<ownerDesignName>sumativa2_modelo_relacional</ownerDesignName>
<engineerTo>
<item key="07A8347A-AA38-52A3-D4B1-372680C066B8" value="true"/>
</engineerTo>
<referedAttribute>4F913533-CC41-EC2D-82FA-DE738FF58D6D</referedAttribute>
<useDomainConstraints>false</useDomainConstraints>
<use>1</use>
<logicalDatatype>LOGDT024</logicalDatatype>
<dataTypeSize>100 CHAR</dataTypeSize>
<ownDataTypeParameters>,,</ownDataTypeParameters>
</Attribute>
</attributes>
<identifiers itemClass="oracle.dbtools.crest.model.design.logical.CandidateKey">
<identifier id="B3A4A9DF-23D9-60C7-F623-F0690B8B5C96" name="COMUNA PK">
<createdBy>esteb</createdBy>
<createdTime>2025-09-15 02:59:15 UTC</createdTime>
<ownerDesignName>sumativa2_modelo_relacional</ownerDesignName>
<shouldEngineer>false</shouldEngineer>
<engineerTo>
<item key="07A8347A-AA38-52A3-D4B1-372680C066B8" value="false"/>
</engineerTo>
<pk>true</pk>
<usedAttributes>
<attributeRef>69E23C20-9C06-3C33-58A1-63F9AD28FC13</attributeRef>
</usedAttributes>
</identifier>
<identifier id="34A79626-95C3-DD14-EC51-4B0A06D12190" name="UK_COMUNA_NOMBRE">
<createdBy>esteb</createdBy>
<createdTime>2025-09-15 22:03:03 UTC</createdTime>
<ownerDesignName>sumativa2_modelo_relacional</ownerDesignName>
<engineerTo>
<item key="07A8347A-AA38-52A3-D4B1-372680C066B8" value="true"/>
</engineerTo>
<newElementsIDs>E7C3C59D-EC00-9C35-53C2-1994BEBD8626</newElementsIDs>
<usedAttributes>
<attributeRef>E7C3C59D-EC00-9C35-53C2-1994BEBD8626</attributeRef>
</usedAttributes>
</identifier>
</identifiers>
</Entity>
