<?xml version = '1.0' encoding = 'UTF-8'?>
<Entity class="oracle.dbtools.crest.model.design.logical.Entity" directorySegmentName="seg_0" id="A1CB341C-77A8-D2B2-11D2-03D8B7C3BC93" name="TIPO_ATENCION">
<createdBy>esteb</createdBy>
<createdTime>2025-09-15 02:36:48 UTC</createdTime>
<ownerDesignName>sumativa2_modelo_relacional</ownerDesignName>
<engineerTo>
<item key="07A8347A-AA38-52A3-D4B1-372680C066B8" value="true"/>
</engineerTo>
<adequatelyNormalized>NO</adequatelyNormalized>
<expectedVolumes>0</expectedVolumes>
<fwdEngineeringStrategyName>Single Table</fwdEngineeringStrategyName>
<growthPercent>0</growthPercent>
<growthType>Year</growthType>
<maxVolumes>9999999</maxVolumes>
<minVolumes>0</minVolumes>
<normalForm>Third</normalForm>
<attributes itemClass="oracle.dbtools.crest.model.design.logical.Attribute">
<Attribute name="id_tipo" id="F3AADFB3-2C0B-1423-2EB7-DE46BF8000BD">
<createdBy>esteb</createdBy>
<createdTime>2025-09-15 02:37:04 UTC</createdTime>
<ownerDesignName>sumativa2_modelo_relacional</ownerDesignName>
<engineerTo>
<item key="07A8347A-AA38-52A3-D4B1-372680C066B8" value="true"/>
</engineerTo>
<useDomainConstraints>false</useDomainConstraints>
<use>1</use>
<logicalDatatype>LOGDT019</logicalDatatype>
<ownDataTypeParameters>,,</ownDataTypeParameters>
</Attribute>
<Attribute name="nombre_a" id="EC95BA0D-311D-C1D4-F7D2-019DA73A76B2">
<createdBy>esteb</createdBy>
<createdTime>2025-09-15 02:38:00 UTC</createdTime>
<ownerDesignName>sumativa2_modelo_relacional</ownerDesignName>
<engineerTo>
<item key="07A8347A-AA38-52A3-D4B1-372680C066B8" value="true"/>
</engineerTo>
<useDomainConstraints>false</useDomainConstraints>
<use>1</use>
<logicalDatatype>LOGDT024</logicalDatatype>
<dataTypeSize>20</dataTypeSize>
<ownDataTypeParameters>20,,</ownDataTypeParameters>
</Attribute>
</attributes>
<identifiers itemClass="oracle.dbtools.crest.model.design.logical.CandidateKey">
<identifier id="9783907C-3994-BD30-14B6-E24D99C41272" name="TIPO_ATENCION PK">
<createdBy>esteb</createdBy>
<createdTime>2025-09-15 02:37:41 UTC</createdTime>
<ownerDesignName>sumativa2_modelo_relacional</ownerDesignName>
<shouldEngineer>false</shouldEngineer>
<engineerTo>
<item key="07A8347A-AA38-52A3-D4B1-372680C066B8" value="false"/>
</engineerTo>
<pk>true</pk>
<usedAttributes>
<attributeRef>F3AADFB3-2C0B-1423-2EB7-DE46BF8000BD</attributeRef>
</usedAttributes>
</identifier>
<identifier id="DC49EA6D-5311-C371-163C-735B63FF26F8" name="UK_TIPO_ATENCION_NOMBRE_A">
<createdBy>esteb</createdBy>
<createdTime>2025-09-15 22:36:28 UTC</createdTime>
<ownerDesignName>sumativa2_modelo_relacional</ownerDesignName>
<engineerTo>
<item key="07A8347A-AA38-52A3-D4B1-372680C066B8" value="true"/>
</engineerTo>
<newElementsIDs>EC95BA0D-311D-C1D4-F7D2-019DA73A76B2</newElementsIDs>
<usedAttributes>
<attributeRef>EC95BA0D-311D-C1D4-F7D2-019DA73A76B2</attributeRef>
</usedAttributes>
</identifier>
</identifiers>
</Entity>
