<?xml version = '1.0' encoding = 'UTF-8'?>
<Entity class="oracle.dbtools.crest.model.design.logical.Entity" directorySegmentName="seg_0" id="A9540A35-DD01-D8B5-BF03-F06FF2817C65" name="EXAMENES_LABO">
<createdBy>esteb</createdBy>
<createdTime>2025-09-15 03:10:45 UTC</createdTime>
<ownerDesignName>sumativa2_modelo_relacional</ownerDesignName>
<engineerTo>
<item key="07A8347A-AA38-52A3-D4B1-372680C066B8" value="true"/>
</engineerTo>
<adequatelyNormalized>NO</adequatelyNormalized>
<expectedVolumes>0</expectedVolumes>
<fwdEngineeringStrategyName>Single Table</fwdEngineeringStrategyName>
<growthPercent>0</growthPercent>
<growthType>Year</growthType>
<maxVolumes>9999999</maxVolumes>
<minVolumes>0</minVolumes>
<normalForm>Third</normalForm>
<attributes itemClass="oracle.dbtools.crest.model.design.logical.Attribute">
<Attribute name="codigo" id="A2A79AC6-1B6A-A750-B7C8-FA342475C366">
<createdBy>esteb</createdBy>
<createdTime>2025-09-15 03:11:02 UTC</createdTime>
<ownerDesignName>sumativa2_modelo_relacional</ownerDesignName>
<engineerTo>
<item key="07A8347A-AA38-52A3-D4B1-372680C066B8" value="true"/>
</engineerTo>
<useDomainConstraints>false</useDomainConstraints>
<use>1</use>
<logicalDatatype>LOGDT019</logicalDatatype>
<ownDataTypeParameters>,,</ownDataTypeParameters>
</Attribute>
<Attribute name="nombre" id="3E6369E2-1F61-C772-072C-D438D7726874">
<createdBy>esteb</createdBy>
<createdTime>2025-09-15 03:11:10 UTC</createdTime>
<ownerDesignName>sumativa2_modelo_relacional</ownerDesignName>
<engineerTo>
<item key="07A8347A-AA38-52A3-D4B1-372680C066B8" value="true"/>
</engineerTo>
<useDomainConstraints>false</useDomainConstraints>
<use>1</use>
<logicalDatatype>LOGDT024</logicalDatatype>
<dataTypeSize>25 CHAR</dataTypeSize>
<ownDataTypeParameters>25 CHAR,,</ownDataTypeParameters>
</Attribute>
<Attribute name="tipo_muestra" id="48498277-FC15-1EE6-F2A5-87A932612BEF">
<createdBy>esteb</createdBy>
<createdTime>2025-09-15 03:11:54 UTC</createdTime>
<ownerDesignName>sumativa2_modelo_relacional</ownerDesignName>
<engineerTo>
<item key="07A8347A-AA38-52A3-D4B1-372680C066B8" value="true"/>
</engineerTo>
<useDomainConstraints>false</useDomainConstraints>
<use>1</use>
<logicalDatatype>LOGDT024</logicalDatatype>
<dataTypeSize>25 CHAR</dataTypeSize>
<ownDataTypeParameters>25 CHAR,,</ownDataTypeParameters>
</Attribute>
<Attribute name="condicion_prepa" id="57108B86-1AC8-A4BE-6028-049100F00028">
<createdBy>esteb</createdBy>
<createdTime>2025-09-15 03:12:20 UTC</createdTime>
<ownerDesignName>sumativa2_modelo_relacional</ownerDesignName>
<engineerTo>
<item key="07A8347A-AA38-52A3-D4B1-372680C066B8" value="true"/>
</engineerTo>
<useDomainConstraints>false</useDomainConstraints>
<use>1</use>
<logicalDatatype>LOGDT024</logicalDatatype>
<dataTypeSize>25</dataTypeSize>
<ownDataTypeParameters>25,,</ownDataTypeParameters>
</Attribute>
</attributes>
<identifiers itemClass="oracle.dbtools.crest.model.design.logical.CandidateKey">
<identifier id="713703B1-834C-7CF2-6A74-076DDB252DC6" name="EXAMENES_LABO PK">
<createdBy>esteb</createdBy>
<createdTime>2025-09-15 03:11:33 UTC</createdTime>
<ownerDesignName>sumativa2_modelo_relacional</ownerDesignName>
<shouldEngineer>false</shouldEngineer>
<engineerTo>
<item key="07A8347A-AA38-52A3-D4B1-372680C066B8" value="false"/>
</engineerTo>
<pk>true</pk>
<usedAttributes>
<attributeRef>A2A79AC6-1B6A-A750-B7C8-FA342475C366</attributeRef>
</usedAttributes>
</identifier>
<identifier id="912A17AC-1C5D-5BE3-42D8-05141D6357FA" name="UK_EXAMENES_LABO_NOMBRE">
<createdBy>esteb</createdBy>
<createdTime>2025-09-15 22:34:40 UTC</createdTime>
<ownerDesignName>sumativa2_modelo_relacional</ownerDesignName>
<engineerTo>
<item key="07A8347A-AA38-52A3-D4B1-372680C066B8" value="true"/>
</engineerTo>
<newElementsIDs>3E6369E2-1F61-C772-072C-D438D7726874</newElementsIDs>
<usedAttributes>
<attributeRef>3E6369E2-1F61-C772-072C-D438D7726874</attributeRef>
</usedAttributes>
</identifier>
</identifiers>
</Entity>
