<?xml version = '1.0' encoding = 'UTF-8'?>
<Entity class="oracle.dbtools.crest.model.design.logical.Entity" directorySegmentName="seg_0" id="D1F0FA65-2528-ADD2-0A0E-E42F8C2BD52F" name="DIAGNOSTICO">
<createdBy>esteb</createdBy>
<createdTime>2025-09-15 18:50:32 UTC</createdTime>
<ownerDesignName>sumativa2_modelo_relacional</ownerDesignName>
<engineerTo>
<item key="07A8347A-AA38-52A3-D4B1-372680C066B8" value="true"/>
</engineerTo>
<adequatelyNormalized>NO</adequatelyNormalized>
<expectedVolumes>0</expectedVolumes>
<fwdEngineeringStrategyName>Single Table</fwdEngineeringStrategyName>
<growthPercent>0</growthPercent>
<growthType>Year</growthType>
<maxVolumes>9999999</maxVolumes>
<minVolumes>0</minVolumes>
<normalForm>Third</normalForm>
<attributes itemClass="oracle.dbtools.crest.model.design.logical.Attribute">
<Attribute name="id_diagnostico" id="2FE7539F-E0A5-069B-E66B-A0546D2C6A9F">
<createdBy>esteb</createdBy>
<createdTime>2025-09-15 18:55:14 UTC</createdTime>
<ownerDesignName>sumativa2_modelo_relacional</ownerDesignName>
<engineerTo>
<item key="07A8347A-AA38-52A3-D4B1-372680C066B8" value="true"/>
</engineerTo>
<useDomainConstraints>false</useDomainConstraints>
<use>1</use>
<logicalDatatype>LOGDT019</logicalDatatype>
<ownDataTypeParameters>,,</ownDataTypeParameters>
</Attribute>
<Attribute name="nombre" id="E42DD737-642A-518B-186F-A44615F0A23F">
<createdBy>esteb</createdBy>
<createdTime>2025-09-15 18:50:41 UTC</createdTime>
<ownerDesignName>sumativa2_modelo_relacional</ownerDesignName>
<engineerTo>
<item key="07A8347A-AA38-52A3-D4B1-372680C066B8" value="true"/>
</engineerTo>
<useDomainConstraints>false</useDomainConstraints>
<use>1</use>
<logicalDatatype>LOGDT024</logicalDatatype>
<dataTypeSize>25 CHAR</dataTypeSize>
<ownDataTypeParameters>25 CHAR,,</ownDataTypeParameters>
</Attribute>
</attributes>
<identifiers itemClass="oracle.dbtools.crest.model.design.logical.CandidateKey">
<identifier id="680CA2D0-6849-7F70-6B57-8F0A67DA16BC" name="DIAGNOSTICO PK">
<createdBy>esteb</createdBy>
<createdTime>2025-09-15 18:55:43 UTC</createdTime>
<ownerDesignName>sumativa2_modelo_relacional</ownerDesignName>
<shouldEngineer>false</shouldEngineer>
<engineerTo>
<item key="07A8347A-AA38-52A3-D4B1-372680C066B8" value="false"/>
</engineerTo>
<pk>true</pk>
<usedAttributes>
<attributeRef>2FE7539F-E0A5-069B-E66B-A0546D2C6A9F</attributeRef>
</usedAttributes>
</identifier>
<identifier id="2DF33A81-9D0E-95D5-C7EC-1DE75CA58285" name="UK_DIAGNOSTICO_NOMBRE">
<createdBy>esteb</createdBy>
<createdTime>2025-09-15 22:37:10 UTC</createdTime>
<ownerDesignName>sumativa2_modelo_relacional</ownerDesignName>
<engineerTo>
<item key="07A8347A-AA38-52A3-D4B1-372680C066B8" value="true"/>
</engineerTo>
<newElementsIDs>E42DD737-642A-518B-186F-A44615F0A23F</newElementsIDs>
<usedAttributes>
<attributeRef>E42DD737-642A-518B-186F-A44615F0A23F</attributeRef>
</usedAttributes>
</identifier>
</identifiers>
</Entity>
