<?xml version = '1.0' encoding = 'UTF-8'?>
<Entity class="oracle.dbtools.crest.model.design.logical.Entity" directorySegmentName="seg_0" id="DE649E4C-B481-7E12-6A38-B43FE6A0AC61" name="MODALIDAD">
<createdBy>esteb</createdBy>
<createdTime>2025-09-15 02:38:48 UTC</createdTime>
<ownerDesignName>sumativa2_modelo_relacional</ownerDesignName>
<engineerTo>
<item key="07A8347A-AA38-52A3-D4B1-372680C066B8" value="true"/>
</engineerTo>
<adequatelyNormalized>NO</adequatelyNormalized>
<expectedVolumes>0</expectedVolumes>
<fwdEngineeringStrategyName>Single Table</fwdEngineeringStrategyName>
<growthPercent>0</growthPercent>
<growthType>Year</growthType>
<maxVolumes>9999999</maxVolumes>
<minVolumes>0</minVolumes>
<normalForm>Third</normalForm>
<attributes itemClass="oracle.dbtools.crest.model.design.logical.Attribute">
<Attribute name="id_modalidad" id="8F1517C8-509B-9C46-9CB5-299E414ADBD0">
<createdBy>esteb</createdBy>
<createdTime>2025-09-15 02:39:07 UTC</createdTime>
<ownerDesignName>sumativa2_modelo_relacional</ownerDesignName>
<engineerTo>
<item key="07A8347A-AA38-52A3-D4B1-372680C066B8" value="true"/>
</engineerTo>
<useDomainConstraints>false</useDomainConstraints>
<use>1</use>
<logicalDatatype>LOGDT019</logicalDatatype>
<ownDataTypeParameters>,,</ownDataTypeParameters>
</Attribute>
<Attribute name="nombre_m" id="59BAA06F-E2D9-A4D1-8EFD-1D5C65647B5F">
<createdBy>esteb</createdBy>
<createdTime>2025-09-15 02:39:34 UTC</createdTime>
<ownerDesignName>sumativa2_modelo_relacional</ownerDesignName>
<engineerTo>
<item key="07A8347A-AA38-52A3-D4B1-372680C066B8" value="true"/>
</engineerTo>
<useDomainConstraints>false</useDomainConstraints>
<use>1</use>
<logicalDatatype>LOGDT024</logicalDatatype>
<dataTypeSize>10</dataTypeSize>
<ownDataTypeParameters>10,,</ownDataTypeParameters>
</Attribute>
</attributes>
<identifiers itemClass="oracle.dbtools.crest.model.design.logical.CandidateKey">
<identifier id="CFB55884-D214-DF99-E15B-740149FCFA58" name="MODALIDAD PK">
<createdBy>esteb</createdBy>
<createdTime>2025-09-15 02:39:33 UTC</createdTime>
<ownerDesignName>sumativa2_modelo_relacional</ownerDesignName>
<shouldEngineer>false</shouldEngineer>
<engineerTo>
<item key="07A8347A-AA38-52A3-D4B1-372680C066B8" value="false"/>
</engineerTo>
<pk>true</pk>
<usedAttributes>
<attributeRef>8F1517C8-509B-9C46-9CB5-299E414ADBD0</attributeRef>
</usedAttributes>
</identifier>
<identifier id="B9BE6A6F-2F49-779E-8531-419425EFE44A" name="UK_MODALIDAD_NOMBRE_M">
<createdBy>esteb</createdBy>
<createdTime>2025-09-15 22:35:17 UTC</createdTime>
<ownerDesignName>sumativa2_modelo_relacional</ownerDesignName>
<engineerTo>
<item key="07A8347A-AA38-52A3-D4B1-372680C066B8" value="true"/>
</engineerTo>
<newElementsIDs>59BAA06F-E2D9-A4D1-8EFD-1D5C65647B5F</newElementsIDs>
<usedAttributes>
<attributeRef>59BAA06F-E2D9-A4D1-8EFD-1D5C65647B5F</attributeRef>
</usedAttributes>
</identifier>
</identifiers>
</Entity>
