<?xml version = '1.0' encoding = 'UTF-8'?>
<Entity class="oracle.dbtools.crest.model.design.logical.Entity" directorySegmentName="seg_0" id="E914CC7F-C120-C3DF-F9B5-936720E55B11" name="ATENCION MEDICA">
<createdBy>esteb</createdBy>
<createdTime>2025-09-15 02:31:08 UTC</createdTime>
<ownerDesignName>sumativa2_modelo_relacional</ownerDesignName>
<engineerTo>
<item key="07A8347A-AA38-52A3-D4B1-372680C066B8" value="true"/>
</engineerTo>
<adequatelyNormalized>NO</adequatelyNormalized>
<expectedVolumes>0</expectedVolumes>
<fwdEngineeringStrategyName>Single Table</fwdEngineeringStrategyName>
<growthPercent>0</growthPercent>
<growthType>Year</growthType>
<maxVolumes>9999999</maxVolumes>
<minVolumes>0</minVolumes>
<normalForm>Third</normalForm>
<attributes itemClass="oracle.dbtools.crest.model.design.logical.Attribute">
<Attribute name="id_atencion" id="3E372585-9DC3-6B15-61E2-9A79B7871C28">
<createdBy>esteb</createdBy>
<createdTime>2025-09-15 02:31:19 UTC</createdTime>
<ownerDesignName>sumativa2_modelo_relacional</ownerDesignName>
<engineerTo>
<item key="07A8347A-AA38-52A3-D4B1-372680C066B8" value="true"/>
</engineerTo>
<useDomainConstraints>false</useDomainConstraints>
<use>1</use>
<logicalDatatype>LOGDT019</logicalDatatype>
<ownDataTypeParameters>,,</ownDataTypeParameters>
</Attribute>
<Attribute name="fecha_a" id="77C799EF-B6C0-5B47-B130-50AD6485ECC1">
<createdBy>esteb</createdBy>
<createdTime>2025-09-15 02:32:02 UTC</createdTime>
<ownerDesignName>sumativa2_modelo_relacional</ownerDesignName>
<engineerTo>
<item key="07A8347A-AA38-52A3-D4B1-372680C066B8" value="true"/>
</engineerTo>
<useDomainConstraints>false</useDomainConstraints>
<use>1</use>
<logicalDatatype>LOGDT007</logicalDatatype>
<ownDataTypeParameters>,,</ownDataTypeParameters>
</Attribute>
<Attribute name="hora_a" id="EEEA0F72-4378-C343-FEE2-EEE8BCF1C78F">
<createdBy>esteb</createdBy>
<createdTime>2025-09-15 02:32:31 UTC</createdTime>
<ownerDesignName>sumativa2_modelo_relacional</ownerDesignName>
<engineerTo>
<item key="07A8347A-AA38-52A3-D4B1-372680C066B8" value="true"/>
</engineerTo>
<useDomainConstraints>false</useDomainConstraints>
<use>1</use>
<logicalDatatype>LOGDT014</logicalDatatype>
<ownDataTypeParameters>,,</ownDataTypeParameters>
</Attribute>
<Attribute name="examenes_solicitados" id="1C28812D-8892-A1FA-EFB5-AA4B69822A19">
<createdBy>esteb</createdBy>
<createdTime>2025-09-15 02:35:17 UTC</createdTime>
<ownerDesignName>sumativa2_modelo_relacional</ownerDesignName>
<engineerTo>
<item key="07A8347A-AA38-52A3-D4B1-372680C066B8" value="true"/>
</engineerTo>
<useDomainConstraints>false</useDomainConstraints>
<use>1</use>
<logicalDatatype>LOGDT024</logicalDatatype>
<dataTypeSize>100</dataTypeSize>
<ownDataTypeParameters>100,,</ownDataTypeParameters>
</Attribute>
<Attribute name="id_medico" id="75002309-E318-0AA1-22A0-5BD9E344D62C">
<createdBy>esteb</createdBy>
<createdTime>2025-09-15 03:07:23 UTC</createdTime>
<generatorID>C710B95F-DA13-24C6-0C80-465DD44ECFF9</generatorID>
<ownerDesignName>sumativa2_modelo_relacional</ownerDesignName>
<engineerTo>
<item key="07A8347A-AA38-52A3-D4B1-372680C066B8" value="true"/>
</engineerTo>
<referedAttribute>0A9442F9-7722-A250-8DC3-A4D8850B76B5</referedAttribute>
<useDomainConstraints>false</useDomainConstraints>
<use>1</use>
<logicalDatatype>LOGDT019</logicalDatatype>
<ownDataTypeParameters>,,</ownDataTypeParameters>
</Attribute>
<Attribute name="id_is" id="AE00F089-E6F9-54B9-5F4E-F658FDDFAADE">
<createdBy>esteb</createdBy>
<createdTime>2025-09-15 03:07:23 UTC</createdTime>
<generatorID>C710B95F-DA13-24C6-0C80-465DD44ECFF9</generatorID>
<ownerDesignName>sumativa2_modelo_relacional</ownerDesignName>
<engineerTo>
<item key="07A8347A-AA38-52A3-D4B1-372680C066B8" value="true"/>
</engineerTo>
<referedAttribute>666DF00A-AE30-45BF-8B5A-303C75AB1ED6</referedAttribute>
<useDomainConstraints>false</useDomainConstraints>
<use>1</use>
<logicalDatatype>LOGDT019</logicalDatatype>
<ownDataTypeParameters>,,</ownDataTypeParameters>
</Attribute>
<Attribute name="id_paciente" id="751960AF-351C-41E0-EAB7-FA90EA1D4D25">
<createdBy>esteb</createdBy>
<createdTime>2025-09-15 03:07:43 UTC</createdTime>
<generatorID>BAE54474-EDD4-F8C8-3ED9-C9BA60E7CD72</generatorID>
<ownerDesignName>sumativa2_modelo_relacional</ownerDesignName>
<engineerTo>
<item key="07A8347A-AA38-52A3-D4B1-372680C066B8" value="true"/>
</engineerTo>
<referedAttribute>A6AA6EE3-E31C-B148-11A5-F0BA9F0DE071</referedAttribute>
<useDomainConstraints>false</useDomainConstraints>
<use>1</use>
<logicalDatatype>LOGDT019</logicalDatatype>
<ownDataTypeParameters>,,</ownDataTypeParameters>
</Attribute>
<Attribute name="id_pago" id="A376D527-0D11-FAC1-AED0-1C4176003789">
<createdBy>esteb</createdBy>
<createdTime>2025-09-15 03:08:28 UTC</createdTime>
<generatorID>8ABD254D-8B69-C82B-74E9-C5047BBF9063</generatorID>
<ownerDesignName>sumativa2_modelo_relacional</ownerDesignName>
<engineerTo>
<item key="07A8347A-AA38-52A3-D4B1-372680C066B8" value="true"/>
</engineerTo>
<referedAttribute>C0D7CC0C-B44B-2A64-4980-1A8F6F4B4193</referedAttribute>
<useDomainConstraints>false</useDomainConstraints>
<use>1</use>
<logicalDatatype>LOGDT019</logicalDatatype>
<ownDataTypeParameters>,,</ownDataTypeParameters>
</Attribute>
<Attribute name="id_diagnostico" id="45370305-F28A-6865-0E9B-C21AD60ACC10">
<createdBy>esteb</createdBy>
<createdTime>2025-09-15 18:55:46 UTC</createdTime>
<generatorID>B464FA56-493C-5A7A-BABE-83727592D909</generatorID>
<ownerDesignName>sumativa2_modelo_relacional</ownerDesignName>
<engineerTo>
<item key="07A8347A-AA38-52A3-D4B1-372680C066B8" value="true"/>
</engineerTo>
<referedAttribute>2FE7539F-E0A5-069B-E66B-A0546D2C6A9F</referedAttribute>
<useDomainConstraints>false</useDomainConstraints>
<use>1</use>
<logicalDatatype>LOGDT019</logicalDatatype>
<ownDataTypeParameters>,,</ownDataTypeParameters>
</Attribute>
</attributes>
<identifiers itemClass="oracle.dbtools.crest.model.design.logical.CandidateKey">
<identifier id="10CA3535-F57F-F503-9643-11A3CAE9B826" name="ATENCION MEDICA PK">
<createdBy>esteb</createdBy>
<createdTime>2025-09-15 02:31:58 UTC</createdTime>
<ownerDesignName>sumativa2_modelo_relacional</ownerDesignName>
<shouldEngineer>false</shouldEngineer>
<engineerTo>
<item key="07A8347A-AA38-52A3-D4B1-372680C066B8" value="false"/>
</engineerTo>
<pk>true</pk>
<usedAttributes>
<attributeRef>3E372585-9DC3-6B15-61E2-9A79B7871C28</attributeRef>
<attributeRef>45370305-F28A-6865-0E9B-C21AD60ACC10</attributeRef>
</usedAttributes>
</identifier>
<identifier id="44B0AE56-7758-CFFE-0A8B-AD2B802BE5D1" name="UK_ATENCION_MEDICA_EXAMENES_SOLICITADOS">
<createdBy>esteb</createdBy>
<createdTime>2025-09-15 22:30:54 UTC</createdTime>
<ownerDesignName>sumativa2_modelo_relacional</ownerDesignName>
<engineerTo>
<item key="07A8347A-AA38-52A3-D4B1-372680C066B8" value="true"/>
</engineerTo>
<newElementsIDs>1C28812D-8892-A1FA-EFB5-AA4B69822A19</newElementsIDs>
<usedAttributes>
<attributeRef>1C28812D-8892-A1FA-EFB5-AA4B69822A19</attributeRef>
</usedAttributes>
</identifier>
</identifiers>
</Entity>
