<?xml version = '1.0' encoding = 'UTF-8'?>
<Entity class="oracle.dbtools.crest.model.design.logical.Entity" directorySegmentName="seg_0" id="FEBF068C-1CFB-4E00-1D0D-564136D2FDB0" name="MEDICO">
<createdBy>esteb</createdBy>
<createdTime>2025-09-15 02:42:03 UTC</createdTime>
<ownerDesignName>sumativa2_modelo_relacional</ownerDesignName>
<engineerTo>
<item key="07A8347A-AA38-52A3-D4B1-372680C066B8" value="true"/>
</engineerTo>
<adequatelyNormalized>NO</adequatelyNormalized>
<expectedVolumes>0</expectedVolumes>
<fwdEngineeringStrategyName>Single Table</fwdEngineeringStrategyName>
<growthPercent>0</growthPercent>
<growthType>Year</growthType>
<maxVolumes>9999999</maxVolumes>
<minVolumes>0</minVolumes>
<normalForm>Third</normalForm>
<attributes itemClass="oracle.dbtools.crest.model.design.logical.Attribute">
<Attribute name="id_medico" id="0A9442F9-7722-A250-8DC3-A4D8850B76B5">
<createdBy>esteb</createdBy>
<createdTime>2025-09-15 02:42:11 UTC</createdTime>
<ownerDesignName>sumativa2_modelo_relacional</ownerDesignName>
<engineerTo>
<item key="07A8347A-AA38-52A3-D4B1-372680C066B8" value="true"/>
</engineerTo>
<useDomainConstraints>false</useDomainConstraints>
<use>1</use>
<logicalDatatype>LOGDT019</logicalDatatype>
<ownDataTypeParameters>,,</ownDataTypeParameters>
</Attribute>
<Attribute name="rut_medico" id="D2957C37-DE78-7A9A-F247-346270CAEE04">
<createdBy>esteb</createdBy>
<createdTime>2025-09-15 02:43:19 UTC</createdTime>
<ownerDesignName>sumativa2_modelo_relacional</ownerDesignName>
<engineerTo>
<item key="07A8347A-AA38-52A3-D4B1-372680C066B8" value="true"/>
</engineerTo>
<useDomainConstraints>false</useDomainConstraints>
<use>1</use>
<logicalDatatype>LOGDT024</logicalDatatype>
<dataTypeSize>10</dataTypeSize>
<ownDataTypeParameters>10,,</ownDataTypeParameters>
</Attribute>
<Attribute name="nombre_c" id="152DF5B7-B489-4CE3-2D50-E4BB63745E98">
<createdBy>esteb</createdBy>
<createdTime>2025-09-15 02:43:50 UTC</createdTime>
<ownerDesignName>sumativa2_modelo_relacional</ownerDesignName>
<engineerTo>
<item key="07A8347A-AA38-52A3-D4B1-372680C066B8" value="true"/>
</engineerTo>
<useDomainConstraints>false</useDomainConstraints>
<use>1</use>
<logicalDatatype>LOGDT024</logicalDatatype>
<dataTypeSize>100 CHAR</dataTypeSize>
<ownDataTypeParameters>100 CHAR,,</ownDataTypeParameters>
</Attribute>
<Attribute name="fecha_i" id="E1411D0D-7505-ACA5-33F0-B68D4BB1BD17">
<createdBy>esteb</createdBy>
<createdTime>2025-09-15 02:44:19 UTC</createdTime>
<ownerDesignName>sumativa2_modelo_relacional</ownerDesignName>
<engineerTo>
<item key="07A8347A-AA38-52A3-D4B1-372680C066B8" value="true"/>
</engineerTo>
<useDomainConstraints>false</useDomainConstraints>
<use>1</use>
<logicalDatatype>LOGDT007</logicalDatatype>
<ownDataTypeParameters>,,</ownDataTypeParameters>
</Attribute>
<Attribute name="id_afp" id="6A03CE38-DBD1-7647-C8AD-433773178E73">
<createdBy>esteb</createdBy>
<createdTime>2025-09-15 02:50:07 UTC</createdTime>
<generatorID>12A67AB0-F2CD-E795-4BCF-9174ED48AD4E</generatorID>
<ownerDesignName>sumativa2_modelo_relacional</ownerDesignName>
<engineerTo>
<item key="07A8347A-AA38-52A3-D4B1-372680C066B8" value="true"/>
</engineerTo>
<referedAttribute>5A5AD422-04BB-6811-1AF0-4031B1B329AE</referedAttribute>
<useDomainConstraints>false</useDomainConstraints>
<use>1</use>
<logicalDatatype>LOGDT019</logicalDatatype>
<ownDataTypeParameters>,,</ownDataTypeParameters>
</Attribute>
<Attribute name="id_is" id="666DF00A-AE30-45BF-8B5A-303C75AB1ED6">
<createdBy>esteb</createdBy>
<createdTime>2025-09-15 02:50:23 UTC</createdTime>
<generatorID>3E35A9F4-A98A-80DC-A6E3-945D11C2C070</generatorID>
<ownerDesignName>sumativa2_modelo_relacional</ownerDesignName>
<engineerTo>
<item key="07A8347A-AA38-52A3-D4B1-372680C066B8" value="true"/>
</engineerTo>
<referedAttribute>BB8AE48C-851D-841E-7F5D-CF2B6D65C74E</referedAttribute>
<useDomainConstraints>false</useDomainConstraints>
<use>1</use>
<logicalDatatype>LOGDT019</logicalDatatype>
<ownDataTypeParameters>,,</ownDataTypeParameters>
</Attribute>
<Attribute name="id_especialidad" id="FA87BED0-BE01-0DFB-94B5-04FDC789BC74">
<createdBy>esteb</createdBy>
<createdTime>2025-09-15 02:50:37 UTC</createdTime>
<generatorID>915A2FC0-70F7-8452-F832-D35B13EF5E36</generatorID>
<ownerDesignName>sumativa2_modelo_relacional</ownerDesignName>
<engineerTo>
<item key="07A8347A-AA38-52A3-D4B1-372680C066B8" value="true"/>
</engineerTo>
<referedAttribute>BC13661C-BD80-9CF8-137A-9E23F2762C5A</referedAttribute>
<useDomainConstraints>false</useDomainConstraints>
<use>1</use>
<logicalDatatype>LOGDT019</logicalDatatype>
<ownDataTypeParameters>,,</ownDataTypeParameters>
</Attribute>
<Attribute name="id_medico1" id="378A2E12-C518-0D81-3D52-8261E51A0964">
<createdBy>esteb</createdBy>
<createdTime>2025-09-15 02:50:45 UTC</createdTime>
<generatorID>964BFBAA-6F5C-DD89-895D-F87DB6E76EDA</generatorID>
<ownerDesignName>sumativa2_modelo_relacional</ownerDesignName>
<engineerTo>
<item key="07A8347A-AA38-52A3-D4B1-372680C066B8" value="true"/>
</engineerTo>
<referedAttribute>0A9442F9-7722-A250-8DC3-A4D8850B76B5</referedAttribute>
<useDomainConstraints>false</useDomainConstraints>
<use>1</use>
<logicalDatatype>LOGDT019</logicalDatatype>
<ownDataTypeParameters>,,</ownDataTypeParameters>
</Attribute>
<Attribute name="id_is1" id="18DD7231-D425-BFA3-46CF-98F6C4407BE0">
<createdBy>esteb</createdBy>
<createdTime>2025-09-15 02:50:45 UTC</createdTime>
<generatorID>964BFBAA-6F5C-DD89-895D-F87DB6E76EDA</generatorID>
<ownerDesignName>sumativa2_modelo_relacional</ownerDesignName>
<engineerTo>
<item key="07A8347A-AA38-52A3-D4B1-372680C066B8" value="true"/>
</engineerTo>
<referedAttribute>666DF00A-AE30-45BF-8B5A-303C75AB1ED6</referedAttribute>
<useDomainConstraints>false</useDomainConstraints>
<use>1</use>
<logicalDatatype>LOGDT019</logicalDatatype>
<ownDataTypeParameters>,,</ownDataTypeParameters>
</Attribute>
</attributes>
<identifiers itemClass="oracle.dbtools.crest.model.design.logical.CandidateKey">
<identifier id="8302AA4F-89C4-B88B-39CB-4223B1842C38" name="MEDICO PK">
<createdBy>esteb</createdBy>
<createdTime>2025-09-15 02:43:16 UTC</createdTime>
<ownerDesignName>sumativa2_modelo_relacional</ownerDesignName>
<shouldEngineer>false</shouldEngineer>
<engineerTo>
<item key="07A8347A-AA38-52A3-D4B1-372680C066B8" value="false"/>
</engineerTo>
<pk>true</pk>
<usedAttributes>
<attributeRef>0A9442F9-7722-A250-8DC3-A4D8850B76B5</attributeRef>
<attributeRef>666DF00A-AE30-45BF-8B5A-303C75AB1ED6</attributeRef>
</usedAttributes>
</identifier>
<identifier id="D406A22C-8B20-8E7C-56A6-F543A90F5BD7" name="UK_MEDICO_RUT_MEDICO">
<createdBy>esteb</createdBy>
<createdTime>2025-09-15 22:32:33 UTC</createdTime>
<ownerDesignName>sumativa2_modelo_relacional</ownerDesignName>
<engineerTo>
<item key="07A8347A-AA38-52A3-D4B1-372680C066B8" value="true"/>
</engineerTo>
<newElementsIDs>D2957C37-DE78-7A9A-F247-346270CAEE04</newElementsIDs>
<usedAttributes>
<attributeRef>D2957C37-DE78-7A9A-F247-346270CAEE04</attributeRef>
</usedAttributes>
</identifier>
</identifiers>
</Entity>
