<?xml version = '1.0' encoding = 'UTF-8'?>
<InheritanceRelation class="oracle.dbtools.crest.model.design.logical.InheritanceRelation" name="Hierarchy_4" directorySegmentName="seg_0" id="80D1D80B-15B8-2875-3984-FED7779B290B">
<createdBy>esteb</createdBy>
<createdTime>2025-08-30 21:27:33 UTC</createdTime>
<ownerDesignName>Exp1_S3_Esteban_Garay</ownerDesignName>
<engineerTo>
<item key="7646B723-33A7-74D6-AE69-98785A87AA7B" value="true"/>
</engineerTo>
<arc>8B7C30EB-C9C0-1380-0AC3-2A64B052451A</arc>
<identifying>false</identifying>
<nameOnSource>Super Type</nameOnSource>
<nameOnTarget>Sub Type</nameOnTarget>
<optionalSource>true</optionalSource>
<optionalTarget>true</optionalTarget>
<sourceEntity>E16738B0-D934-6F16-3F6F-3489840B8365</sourceEntity>
<targetEntity>B04AFC80-2504-D9FA-094E-4B91D0A8C957</targetEntity>
<transferable>true</transferable>
<deleteRule>NO ACTION</deleteRule>
</InheritanceRelation>
