<?xml version = '1.0' encoding = 'UTF-8'?>
<InheritanceRelation class="oracle.dbtools.crest.model.design.logical.InheritanceRelation" name="Hierarchy_3" directorySegmentName="seg_0" id="E98DCE85-C884-72D6-FA02-D64F1DFDD2D7">
<createdBy>esteb</createdBy>
<createdTime>2025-08-30 21:26:50 UTC</createdTime>
<ownerDesignName>Exp1_S3_Esteban_Garay</ownerDesignName>
<engineerTo>
<item key="7646B723-33A7-74D6-AE69-98785A87AA7B" value="true"/>
</engineerTo>
<arc>8B7C30EB-C9C0-1380-0AC3-2A64B052451A</arc>
<identifying>false</identifying>
<nameOnSource>Super Type</nameOnSource>
<nameOnTarget>Sub Type</nameOnTarget>
<optionalSource>true</optionalSource>
<optionalTarget>true</optionalTarget>
<sourceEntity>E16738B0-D934-6F16-3F6F-3489840B8365</sourceEntity>
<targetEntity>C4EEBC39-6EE3-1E27-FA60-E15EC50AB249</targetEntity>
<transferable>true</transferable>
<deleteRule>NO ACTION</deleteRule>
</InheritanceRelation>
