<?xml version = '1.0' encoding = 'UTF-8'?>
<Diagram class="oracle.dbtools.crest.swingui.logical.DPVLogical" name="Logical" id="F4D86815-AD12-10E9-5480-5FB9CE17DE5A">
<createdBy>esteb</createdBy>
<modifiedBy>esteb</modifiedBy>
<createdTime>2025-09-15 02:26:36 UTC</createdTime>
<autoRoute>false</autoRoute>
<boxInbox>false</boxInbox>
<showLegend>false</showLegend>
<showLabels>false</showLabels>
<showRelAttributes>false</showRelAttributes>
<gridEnabled>false</gridEnabled>
<showGrid>false</showGrid>
<diagramColor>-1</diagramColor>
<display>false</display>
<notation>1</notation>
<objectViews>
<OView class="oracle.dbtools.crest.swingui.logical.TVEntity" oid="0C344A42-905F-8A5C-287A-818C3B61BC0E" otype="Entity" vid="D859B7A7-C7AA-9D3C-891B-FCD650AC2653">
<hideElementsInCurrentOnly>false</hideElementsInCurrentOnly>
<bounds x="18" y="447" width="173" height="87"/>
</OView>
<OView class="oracle.dbtools.crest.swingui.logical.TVEntity" oid="1814771D-C688-045B-0293-E065A4D96E74" otype="Entity" vid="75E1A2C3-DA05-33BA-F024-9C155E09DDA2">
<hideElementsInCurrentOnly>false</hideElementsInCurrentOnly>
<bounds x="760" y="351" width="186" height="115"/>
</OView>
<OView class="oracle.dbtools.crest.swingui.logical.TVEntity" oid="2094B1EE-BC01-5BDD-CBB8-66466BB45A53" otype="Entity" vid="C89A9B72-C562-4227-BE92-66678CF5F51B">
<hideElementsInCurrentOnly>false</hideElementsInCurrentOnly>
<bounds x="4" y="539" width="190" height="93"/>
</OView>
<OView class="oracle.dbtools.crest.swingui.logical.TVEntity" oid="225833B4-5DF2-F994-2CC6-076D4D467629" otype="Entity" vid="3626ADBB-0484-6045-E130-5E9BC30F37BC">
<hideElementsInCurrentOnly>false</hideElementsInCurrentOnly>
<bounds x="973" y="364" width="195" height="71"/>
</OView>
<OView class="oracle.dbtools.crest.swingui.logical.TVEntity" oid="30E16E20-C560-8E51-4D51-4D6CAD04A846" otype="Entity" vid="22817359-F780-ECEF-0E6A-7AD3E3806DDD">
<hideElementsInCurrentOnly>false</hideElementsInCurrentOnly>
<bounds x="1002" y="223" width="173" height="92"/>
</OView>
<OView class="oracle.dbtools.crest.swingui.logical.TVEntity" oid="32CB8424-3981-C171-A188-5CAC288E996A" otype="Entity" vid="9509FABE-AF56-9358-D4D4-DF90F42FCC50">
<hideElementsInCurrentOnly>false</hideElementsInCurrentOnly>
<bounds x="1019" y="547" width="206" height="89"/>
</OView>
<OView class="oracle.dbtools.crest.swingui.logical.TVEntity" oid="41A7A914-CDC2-85B7-A243-B005847CFCE2" otype="Entity" vid="38C3E80F-7D52-4E08-D44D-D1BEAF0AB9E7">
<hideElementsInCurrentOnly>false</hideElementsInCurrentOnly>
<bounds x="758" y="2" width="111" height="52"/>
</OView>
<OView class="oracle.dbtools.crest.swingui.logical.TVEntity" oid="621B27EB-F1D4-1EF5-A75B-A1E11DAC210A" otype="Entity" vid="588CE027-46B0-6CFA-9854-5653B8B42045">
<hideElementsInCurrentOnly>false</hideElementsInCurrentOnly>
<bounds x="700" y="103" width="204" height="200"/>
</OView>
<OView class="oracle.dbtools.crest.swingui.logical.TVEntity" oid="6C3A968F-89AC-FE9E-F4B8-0A1330F236A7" otype="Entity" vid="E6453752-6311-3492-1FA1-A804336F965D">
<hideElementsInCurrentOnly>false</hideElementsInCurrentOnly>
<bounds x="420" y="3" width="193" height="76"/>
</OView>
<OView class="oracle.dbtools.crest.swingui.logical.TVEntity" oid="92FB0B7F-7001-9CDA-C323-C3B60B1D7C5A" otype="Entity" vid="38FD1D36-45A8-0BEF-0E6A-71557426DC55">
<hideElementsInCurrentOnly>false</hideElementsInCurrentOnly>
<bounds x="1164" y="61" width="168" height="99"/>
</OView>
<OView class="oracle.dbtools.crest.swingui.logical.TVEntity" oid="9C3A448E-A9F2-B2CD-5317-25055096E136" otype="Entity" vid="5A57B969-39F6-F89D-5310-296DFAB48B46">
<hideElementsInCurrentOnly>false</hideElementsInCurrentOnly>
<bounds x="958" y="63" width="178" height="112"/>
</OView>
<OView class="oracle.dbtools.crest.swingui.logical.TVEntity" oid="A1CB341C-77A8-D2B2-11D2-03D8B7C3BC93" otype="Entity" vid="48C8ED56-2621-4CF3-DC9E-38A4AA980D7E">
<hideElementsInCurrentOnly>false</hideElementsInCurrentOnly>
<bounds x="10" y="68" width="174" height="132"/>
</OView>
<OView class="oracle.dbtools.crest.swingui.logical.TVEntity" oid="A9540A35-DD01-D8B5-BF03-F06FF2817C65" otype="Entity" vid="36073441-B8D7-F5CF-C35D-E7A5E2E79FB5">
<hideElementsInCurrentOnly>false</hideElementsInCurrentOnly>
<bounds x="13" y="337" width="204" height="102"/>
</OView>
<OView class="oracle.dbtools.crest.swingui.logical.TVEntity" oid="D0773ABC-E875-D8DD-6DBF-73A990D4C3FC" otype="Entity" vid="FFA8260D-3C2D-9D64-C14D-4B764447E5F2">
<hideElementsInCurrentOnly>false</hideElementsInCurrentOnly>
<bounds x="876" y="0" width="100" height="57"/>
</OView>
<OView class="oracle.dbtools.crest.swingui.logical.TVEntity" oid="D1F0FA65-2528-ADD2-0A0E-E42F8C2BD52F" otype="Entity" vid="03D5E2F3-104B-57E8-6FA7-D11DC51004EE">
<hideElementsInCurrentOnly>false</hideElementsInCurrentOnly>
<bounds x="216" y="7" width="190" height="71"/>
</OView>
<OView class="oracle.dbtools.crest.swingui.logical.TVEntity" oid="DE649E4C-B481-7E12-6A38-B43FE6A0AC61" otype="Entity" vid="2D3AC418-DCC8-5027-FF38-0F181C17887F">
<hideElementsInCurrentOnly>false</hideElementsInCurrentOnly>
<bounds x="2" y="215" width="187" height="114"/>
</OView>
<OView class="oracle.dbtools.crest.swingui.logical.TVEntity" oid="E65895BC-8042-11F4-4A41-75CF2F7C380F" otype="Entity" vid="5548A9E5-79C6-AD2A-6F14-4ACD37F3EE62">
<hideElementsInCurrentOnly>false</hideElementsInCurrentOnly>
<bounds x="639" y="4" width="109" height="54"/>
</OView>
<OView class="oracle.dbtools.crest.swingui.logical.TVEntity" oid="E914CC7F-C120-C3DF-F9B5-936720E55B11" otype="Entity" vid="34799B2B-D980-646A-C6A6-26D4E3CCF8E5">
<hideElementsInCurrentOnly>false</hideElementsInCurrentOnly>
<bounds x="404" y="121" width="229" height="183"/>
</OView>
<OView class="oracle.dbtools.crest.swingui.logical.TVEntity" oid="FEBF068C-1CFB-4E00-1D0D-564136D2FDB0" otype="Entity" vid="00155C4D-663C-F7AD-B614-EFC9D4F57BCD">
<hideElementsInCurrentOnly>false</hideElementsInCurrentOnly>
<bounds x="440" y="494" width="220" height="139"/>
</OView>
</objectViews>
<connectors>
<Connector class="oracle.dbtools.crest.swingui.logical.TVRelation" oid="12A67AB0-F2CD-E795-4BCF-9174ED48AD4E" otype="Relation" vid_source="D859B7A7-C7AA-9D3C-891B-FCD650AC2653" vid_target="00155C4D-663C-F7AD-B614-EFC9D4F57BCD">
<hideElementsInCurrentOnly>false</hideElementsInCurrentOnly>
<backgroundColor>-16777216</backgroundColor>
<lineWidth>1</lineWidth>
<points>
<point x="191" y="514"/>
<point x="440" y="514"/>
</points>
</Connector>
<Connector class="oracle.dbtools.crest.swingui.logical.TVInheritanceRelation" oid="176E727D-3251-9389-45E4-989692846688" otype="Hierarchy relation" vid_source="588CE027-46B0-6CFA-9854-5653B8B42045" vid_target="5548A9E5-79C6-AD2A-6F14-4ACD37F3EE62">
<hideElementsInCurrentOnly>false</hideElementsInCurrentOnly>
<backgroundColor>-65536</backgroundColor>
<lineWidth>1</lineWidth>
<points>
<point x="724" y="103"/>
<point x="724" y="58"/>
</points>
</Connector>
<Connector class="oracle.dbtools.crest.swingui.logical.TVRelation" oid="1B792F6B-8855-76E0-B65C-FA89D1FF94CB" otype="Relation" vid_source="75E1A2C3-DA05-33BA-F024-9C155E09DDA2" vid_target="3626ADBB-0484-6045-E130-5E9BC30F37BC">
<hideElementsInCurrentOnly>false</hideElementsInCurrentOnly>
<backgroundColor>-16777216</backgroundColor>
<lineWidth>1</lineWidth>
<points>
<point x="946" y="399"/>
<point x="973" y="399"/>
</points>
</Connector>
<Connector class="oracle.dbtools.crest.swingui.logical.TVRelation" oid="1EB351CE-7F28-955D-B030-80839D78FBD1" otype="Relation" vid_source="34799B2B-D980-646A-C6A6-26D4E3CCF8E5" vid_target="2D3AC418-DCC8-5027-FF38-0F181C17887F">
<hideElementsInCurrentOnly>false</hideElementsInCurrentOnly>
<backgroundColor>-16777216</backgroundColor>
<lineWidth>1</lineWidth>
<points>
<point x="404" y="259"/>
<point x="189" y="259"/>
</points>
</Connector>
<Connector class="oracle.dbtools.crest.swingui.logical.TVInheritanceRelation" oid="2697CFE2-C0B6-A0A8-4B1E-97DC43B25CBD" otype="Hierarchy relation" vid_source="588CE027-46B0-6CFA-9854-5653B8B42045" vid_target="FFA8260D-3C2D-9D64-C14D-4B764447E5F2">
<hideElementsInCurrentOnly>false</hideElementsInCurrentOnly>
<backgroundColor>-65536</backgroundColor>
<lineWidth>1</lineWidth>
<points>
<point x="890" y="103"/>
<point x="890" y="57"/>
</points>
</Connector>
<Connector class="oracle.dbtools.crest.swingui.logical.TVRelation" oid="3E35A9F4-A98A-80DC-A6E3-945D11C2C070" otype="Relation" vid_source="C89A9B72-C562-4227-BE92-66678CF5F51B" vid_target="00155C4D-663C-F7AD-B614-EFC9D4F57BCD">
<hideElementsInCurrentOnly>false</hideElementsInCurrentOnly>
<backgroundColor>-16777216</backgroundColor>
<lineWidth>1</lineWidth>
<points>
<point x="194" y="585"/>
<point x="440" y="585"/>
</points>
</Connector>
<Connector class="oracle.dbtools.crest.swingui.logical.TVRelation" oid="8ABD254D-8B69-C82B-74E9-C5047BBF9063" otype="Relation" vid_source="75E1A2C3-DA05-33BA-F024-9C155E09DDA2" vid_target="34799B2B-D980-646A-C6A6-26D4E3CCF8E5">
<hideElementsInCurrentOnly>false</hideElementsInCurrentOnly>
<backgroundColor>-16777216</backgroundColor>
<lineWidth>1</lineWidth>
<points>
<point x="760" y="354"/>
<point x="633" y="279"/>
</points>
</Connector>
<Connector class="oracle.dbtools.crest.swingui.logical.TVRelation" oid="8FD2CEF3-252F-810F-56AC-A596C571D22C" otype="Relation" vid_source="5A57B969-39F6-F89D-5310-296DFAB48B46" vid_target="588CE027-46B0-6CFA-9854-5653B8B42045">
<hideElementsInCurrentOnly>false</hideElementsInCurrentOnly>
<backgroundColor>-16777216</backgroundColor>
<lineWidth>1</lineWidth>
<points>
<point x="958" y="139"/>
<point x="904" y="139"/>
</points>
</Connector>
<Connector class="oracle.dbtools.crest.swingui.logical.TVRelation" oid="915A2FC0-70F7-8452-F832-D35B13EF5E36" otype="Relation" vid_source="9509FABE-AF56-9358-D4D4-DF90F42FCC50" vid_target="00155C4D-663C-F7AD-B614-EFC9D4F57BCD">
<hideElementsInCurrentOnly>false</hideElementsInCurrentOnly>
<backgroundColor>-16777216</backgroundColor>
<lineWidth>1</lineWidth>
<points>
<point x="1019" y="590"/>
<point x="660" y="590"/>
</points>
</Connector>
<Connector class="oracle.dbtools.crest.swingui.logical.TVRelation" oid="964BFBAA-6F5C-DD89-895D-F87DB6E76EDA" otype="Relation" vid_source="00155C4D-663C-F7AD-B614-EFC9D4F57BCD" vid_target="00155C4D-663C-F7AD-B614-EFC9D4F57BCD">
<hideElementsInCurrentOnly>false</hideElementsInCurrentOnly>
<backgroundColor>-16777216</backgroundColor>
<lineWidth>1</lineWidth>
<points>
<point x="629" y="579"/>
<point x="629" y="575"/>
<point x="629" y="658"/>
<point x="536" y="658"/>
<point x="536" y="633"/>
</points>
</Connector>
<Connector class="oracle.dbtools.crest.swingui.logical.TVRelation" oid="A458DAB1-4E8D-F2F7-0B8A-A4AB52CF5F16" otype="Relation" vid_source="22817359-F780-ECEF-0E6A-7AD3E3806DDD" vid_target="588CE027-46B0-6CFA-9854-5653B8B42045">
<hideElementsInCurrentOnly>false</hideElementsInCurrentOnly>
<backgroundColor>-16777216</backgroundColor>
<lineWidth>1</lineWidth>
<points>
<point x="1002" y="263"/>
<point x="904" y="263"/>
</points>
</Connector>
<Connector class="oracle.dbtools.crest.swingui.logical.TVRelation" oid="B464FA56-493C-5A7A-BABE-83727592D909" otype="Relation" vid_source="03D5E2F3-104B-57E8-6FA7-D11DC51004EE" vid_target="34799B2B-D980-646A-C6A6-26D4E3CCF8E5">
<hideElementsInCurrentOnly>false</hideElementsInCurrentOnly>
<backgroundColor>-16777216</backgroundColor>
<lineWidth>1</lineWidth>
<points>
<point x="405" y="78"/>
<point x="405" y="121"/>
</points>
</Connector>
<Connector class="oracle.dbtools.crest.swingui.logical.TVRelation" oid="BAE54474-EDD4-F8C8-3ED9-C9BA60E7CD72" otype="Relation" vid_source="588CE027-46B0-6CFA-9854-5653B8B42045" vid_target="34799B2B-D980-646A-C6A6-26D4E3CCF8E5">
<hideElementsInCurrentOnly>false</hideElementsInCurrentOnly>
<backgroundColor>-16777216</backgroundColor>
<lineWidth>1</lineWidth>
<points>
<point x="700" y="212"/>
<point x="633" y="212"/>
</points>
</Connector>
<Connector class="oracle.dbtools.crest.swingui.logical.TVRelation" oid="BDC72A85-C888-261C-365B-C2A9FAE7C3BC" otype="Relation" vid_source="34799B2B-D980-646A-C6A6-26D4E3CCF8E5" vid_target="E6453752-6311-3492-1FA1-A804336F965D">
<hideElementsInCurrentOnly>false</hideElementsInCurrentOnly>
<backgroundColor>-16777216</backgroundColor>
<lineWidth>1</lineWidth>
<points>
<point x="516" y="121"/>
<point x="516" y="79"/>
</points>
</Connector>
<Connector class="oracle.dbtools.crest.swingui.logical.TVInheritanceRelation" oid="BE6BEAFE-D8B2-FA3A-53BD-83A26454503E" otype="Hierarchy relation" vid_source="588CE027-46B0-6CFA-9854-5653B8B42045" vid_target="38C3E80F-7D52-4E08-D44D-D1BEAF0AB9E7">
<hideElementsInCurrentOnly>false</hideElementsInCurrentOnly>
<backgroundColor>-65536</backgroundColor>
<lineWidth>1</lineWidth>
<points>
<point x="813" y="103"/>
<point x="813" y="54"/>
</points>
</Connector>
<Connector class="oracle.dbtools.crest.swingui.logical.TVRelation" oid="C710B95F-DA13-24C6-0C80-465DD44ECFF9" otype="Relation" vid_source="00155C4D-663C-F7AD-B614-EFC9D4F57BCD" vid_target="34799B2B-D980-646A-C6A6-26D4E3CCF8E5">
<hideElementsInCurrentOnly>false</hideElementsInCurrentOnly>
<backgroundColor>-16777216</backgroundColor>
<lineWidth>1</lineWidth>
<points>
<point x="536" y="494"/>
<point x="536" y="304"/>
</points>
</Connector>
<Connector class="oracle.dbtools.crest.swingui.logical.TVRelation" oid="C9600634-339A-991E-A047-909AE243F497" otype="Relation" vid_source="38FD1D36-45A8-0BEF-0E6A-71557426DC55" vid_target="5A57B969-39F6-F89D-5310-296DFAB48B46">
<hideElementsInCurrentOnly>false</hideElementsInCurrentOnly>
<backgroundColor>-16777216</backgroundColor>
<lineWidth>1</lineWidth>
<points>
<point x="1164" y="111"/>
<point x="1136" y="111"/>
</points>
</Connector>
<Connector class="oracle.dbtools.crest.swingui.logical.TVRelation" oid="CC7E9D23-72E2-AC54-B668-E94DD798C897" otype="Relation" vid_source="34799B2B-D980-646A-C6A6-26D4E3CCF8E5" vid_target="48C8ED56-2621-4CF3-DC9E-38A4AA980D7E">
<hideElementsInCurrentOnly>false</hideElementsInCurrentOnly>
<backgroundColor>-16777216</backgroundColor>
<lineWidth>1</lineWidth>
<points>
<point x="404" y="160"/>
<point x="184" y="160"/>
</points>
</Connector>
<Connector class="oracle.dbtools.crest.swingui.logical.TVRelation" oid="D84DF5B9-41A6-6972-3DE9-C1DBC287276E" otype="Relation" vid_source="36073441-B8D7-F5CF-C35D-E7A5E2E79FB5" vid_target="00155C4D-663C-F7AD-B614-EFC9D4F57BCD">
<hideElementsInCurrentOnly>false</hideElementsInCurrentOnly>
<backgroundColor>-16777216</backgroundColor>
<lineWidth>1</lineWidth>
<points>
<point x="217" y="429"/>
<point x="440" y="534"/>
</points>
</Connector>
</connectors>
<arcs>
<Arc class="oracle.dbtools.crest.swingui.logical.TVArc" oid="E54BF344-1115-24EE-D309-9F00089015D8" otype="Arc" vid="E40954BF-E6B1-414E-CD48-62735F983857">
<hideElementsInCurrentOnly>false</hideElementsInCurrentOnly>
<bounds x="680" y="83" width="244" height="240"/>
</Arc>
</arcs>
</Diagram>
