<?xml version = '1.0' encoding = 'UTF-8'?>
<relationalModel class="oracle.dbtools.crest.model.design.relational.RelationalDesign" name="Relational_1" id="07A8347A-AA38-52A3-D4B1-372680C066B8" mainViewID="E89941E6-015B-2860-C11F-709DB990FF08">
<createdBy>esteb</createdBy>
<createdTime>2025-09-15 02:25:48 UTC</createdTime>
<ownerDesignName>Sumativa5_Esteban</ownerDesignName>
<shouldBeOpen>true</shouldBeOpen>
<selectedRDBMSSite>32076570-2523-435C-2E92-BF29817DFF70</selectedRDBMSSite>
</relationalModel>
