<?xml version = '1.0' encoding = 'UTF-8'?>
<Diagram class="oracle.dbtools.crest.swingui.logical.DPVLogical" name="Logical" id="0FDAB8D9-7DFB-26F1-C0A7-7DAF10203089">
<createdBy>esteb</createdBy>
<modifiedBy>esteb</modifiedBy>
<createdTime>2025-08-29 20:51:55 UTC</createdTime>
<autoRoute>false</autoRoute>
<boxInbox>false</boxInbox>
<showLegend>false</showLegend>
<showLabels>false</showLabels>
<showRelAttributes>false</showRelAttributes>
<gridEnabled>false</gridEnabled>
<showGrid>false</showGrid>
<diagramColor>-1</diagramColor>
<display>false</display>
<notation>0</notation>
<objectViews>
<OView class="oracle.dbtools.crest.swingui.logical.TVEntity" oid="57F2C377-058F-D5BD-A08E-8CFC054D234A" otype="Entity" vid="C7EB2162-724F-99C6-5C5E-FFE39BAFEE39">
<hideElementsInCurrentOnly>false</hideElementsInCurrentOnly>
<bounds x="334" y="207" width="219" height="166"/>
</OView>
<OView class="oracle.dbtools.crest.swingui.logical.TVEntity" oid="755E90C3-97D9-0ED7-ACAC-E3809867A33F" otype="Entity" vid="0A56D4A0-27B7-CDAF-9922-BD5DDAE1E3BC">
<hideElementsInCurrentOnly>false</hideElementsInCurrentOnly>
<bounds x="626" y="302" width="231" height="137"/>
</OView>
<OView class="oracle.dbtools.crest.swingui.logical.TVEntity" oid="7E0C306C-7E76-3A74-969D-8907E9BB1920" otype="Entity" vid="C5A30F54-A57A-7859-823A-06205E1644AF">
<hideElementsInCurrentOnly>false</hideElementsInCurrentOnly>
<bounds x="366" y="486" width="212" height="148"/>
</OView>
<OView class="oracle.dbtools.crest.swingui.logical.TVEntity" oid="7E7D357F-4BB0-F71E-374B-FC07B5FC99FA" otype="Entity" vid="641B2CA9-F6E1-16A8-0434-FE8207444534">
<hideElementsInCurrentOnly>false</hideElementsInCurrentOnly>
<bounds x="44" y="205" width="214" height="130"/>
</OView>
<OView class="oracle.dbtools.crest.swingui.logical.TVEntity" oid="9BF55F1E-6391-49DC-5E41-F6958CC77C8B" otype="Entity" vid="0604CBC6-AE79-D161-10A4-D0F37746FC53">
<hideElementsInCurrentOnly>false</hideElementsInCurrentOnly>
<bounds x="525" y="42" width="198" height="109"/>
</OView>
<OView class="oracle.dbtools.crest.swingui.logical.TVEntity" oid="B04AFC80-2504-D9FA-094E-4B91D0A8C957" otype="Entity" vid="7C87F8BE-52BF-405F-9F6F-16C83A37C96A">
<hideElementsInCurrentOnly>false</hideElementsInCurrentOnly>
<bounds x="1059" y="279" width="207" height="101"/>
</OView>
<OView class="oracle.dbtools.crest.swingui.logical.TVEntity" oid="C4EEBC39-6EE3-1E27-FA60-E15EC50AB249" otype="Entity" vid="FC1A6DF4-FD2C-E7D7-1C3B-EC41146C1A26">
<hideElementsInCurrentOnly>false</hideElementsInCurrentOnly>
<bounds x="858" y="386" width="197" height="86"/>
</OView>
<OView class="oracle.dbtools.crest.swingui.logical.TVEntity" oid="DC9B66DA-90D2-8F0E-8DD8-A7A25E2B3923" otype="Entity" vid="8A124B60-F101-6A73-3574-10A438F61664">
<hideElementsInCurrentOnly>false</hideElementsInCurrentOnly>
<bounds x="18" y="51" width="174" height="97"/>
</OView>
<OView class="oracle.dbtools.crest.swingui.logical.TVEntity" oid="E16738B0-D934-6F16-3F6F-3489840B8365" otype="Entity" vid="27D8D3D6-0C16-597A-2069-FECC40D80615">
<hideElementsInCurrentOnly>false</hideElementsInCurrentOnly>
<bounds x="850" y="32" width="199" height="143"/>
</OView>
<OView class="oracle.dbtools.crest.swingui.logical.TVEntity" oid="E338BA1B-8FDC-5CEF-ADF1-6D5551411E2E" otype="Entity" vid="537BF6D5-3631-1B56-BBAD-F232761A13FA">
<hideElementsInCurrentOnly>false</hideElementsInCurrentOnly>
<bounds x="271" y="48" width="167" height="100"/>
</OView>
<OView class="oracle.dbtools.crest.swingui.logical.TVEntity" oid="F88FAC28-2942-4D8D-14CC-3EF20A8F08BC" otype="Entity" vid="EE6292A6-E591-B2F6-78B8-710157110F25">
<hideElementsInCurrentOnly>false</hideElementsInCurrentOnly>
<bounds x="0" y="366" width="244" height="173"/>
</OView>
</objectViews>
<connectors>
<Connector class="oracle.dbtools.crest.swingui.logical.TVRelation" oid="2C44CF14-5060-CCE7-D9CE-F9BE6ECDDF74" otype="Relation" vid_source="0A56D4A0-27B7-CDAF-9922-BD5DDAE1E3BC" vid_target="EE6292A6-E591-B2F6-78B8-710157110F25">
<hideElementsInCurrentOnly>false</hideElementsInCurrentOnly>
<backgroundColor>-16777216</backgroundColor>
<lineWidth>1</lineWidth>
<points>
<point x="626" y="417"/>
<point x="244" y="417"/>
</points>
</Connector>
<Connector class="oracle.dbtools.crest.swingui.logical.TVRelation" oid="3C6FF619-AB33-4945-0696-89CEC703C93A" otype="Relation" vid_source="0604CBC6-AE79-D161-10A4-D0F37746FC53" vid_target="27D8D3D6-0C16-597A-2069-FECC40D80615">
<hideElementsInCurrentOnly>false</hideElementsInCurrentOnly>
<backgroundColor>-16777216</backgroundColor>
<lineWidth>1</lineWidth>
<points>
<point x="723" y="96"/>
<point x="850" y="96"/>
</points>
</Connector>
<Connector class="oracle.dbtools.crest.swingui.logical.TVRelation" oid="59241077-F006-B5A5-FF3A-BC5A5E4252D8" otype="Relation" vid_source="0A56D4A0-27B7-CDAF-9922-BD5DDAE1E3BC" vid_target="C7EB2162-724F-99C6-5C5E-FFE39BAFEE39">
<hideElementsInCurrentOnly>false</hideElementsInCurrentOnly>
<backgroundColor>-16777216</backgroundColor>
<lineWidth>1</lineWidth>
<points>
<point x="626" y="337"/>
<point x="553" y="337"/>
</points>
</Connector>
<Connector class="oracle.dbtools.crest.swingui.logical.TVRelation" oid="6D4D9194-1361-1F46-3874-2158F3A15582" otype="Relation" vid_source="641B2CA9-F6E1-16A8-0434-FE8207444534" vid_target="C7EB2162-724F-99C6-5C5E-FFE39BAFEE39">
<hideElementsInCurrentOnly>false</hideElementsInCurrentOnly>
<backgroundColor>-16777216</backgroundColor>
<lineWidth>1</lineWidth>
<points>
<point x="258" y="271"/>
<point x="334" y="271"/>
</points>
</Connector>
<Connector class="oracle.dbtools.crest.swingui.logical.TVRelation" oid="71796527-F0F9-2EB2-E7C3-7CFDD4039B67" otype="Relation" vid_source="EE6292A6-E591-B2F6-78B8-710157110F25" vid_target="C7EB2162-724F-99C6-5C5E-FFE39BAFEE39">
<hideElementsInCurrentOnly>false</hideElementsInCurrentOnly>
<backgroundColor>-16777216</backgroundColor>
<lineWidth>1</lineWidth>
<points>
<point x="244" y="369"/>
<point x="334" y="369"/>
</points>
</Connector>
<Connector class="oracle.dbtools.crest.swingui.logical.TVRelation" oid="765823CE-83F4-3649-7A08-BC95CDD18793" otype="Relation" vid_source="0A56D4A0-27B7-CDAF-9922-BD5DDAE1E3BC" vid_target="C5A30F54-A57A-7859-823A-06205E1644AF">
<hideElementsInCurrentOnly>false</hideElementsInCurrentOnly>
<backgroundColor>-16777216</backgroundColor>
<lineWidth>1</lineWidth>
<points>
<point x="644" y="439"/>
<point x="577" y="486"/>
</points>
</Connector>
<Connector class="oracle.dbtools.crest.swingui.logical.TVInheritanceRelation" oid="80D1D80B-15B8-2875-3984-FED7779B290B" otype="Hierarchy relation" vid_source="27D8D3D6-0C16-597A-2069-FECC40D80615" vid_target="7C87F8BE-52BF-405F-9F6F-16C83A37C96A">
<hideElementsInCurrentOnly>false</hideElementsInCurrentOnly>
<backgroundColor>-65536</backgroundColor>
<lineWidth>1</lineWidth>
<points>
<point x="1016" y="175"/>
<point x="1114" y="279"/>
</points>
</Connector>
<Connector class="oracle.dbtools.crest.swingui.logical.TVRelation" oid="98FD9EC5-A8A3-CD07-BA86-4C1700DC6D84" otype="Relation" vid_source="8A124B60-F101-6A73-3574-10A438F61664" vid_target="537BF6D5-3631-1B56-BBAD-F232761A13FA">
<hideElementsInCurrentOnly>false</hideElementsInCurrentOnly>
<backgroundColor>-16777216</backgroundColor>
<lineWidth>1</lineWidth>
<points>
<point x="192" y="99"/>
<point x="271" y="99"/>
</points>
</Connector>
<Connector class="oracle.dbtools.crest.swingui.logical.TVRelation" oid="9C5A88DB-D518-7ED3-0C68-75CB703E2186" otype="Relation" vid_source="EE6292A6-E591-B2F6-78B8-710157110F25" vid_target="C5A30F54-A57A-7859-823A-06205E1644AF">
<hideElementsInCurrentOnly>false</hideElementsInCurrentOnly>
<backgroundColor>-16777216</backgroundColor>
<lineWidth>1</lineWidth>
<points>
<point x="244" y="512"/>
<point x="366" y="512"/>
</points>
</Connector>
<Connector class="oracle.dbtools.crest.swingui.logical.TVRelation" oid="A35E7581-7C51-2186-F722-C4471F871FA4" otype="Relation" vid_source="FC1A6DF4-FD2C-E7D7-1C3B-EC41146C1A26" vid_target="FC1A6DF4-FD2C-E7D7-1C3B-EC41146C1A26">
<hideElementsInCurrentOnly>false</hideElementsInCurrentOnly>
<backgroundColor>-16777216</backgroundColor>
<lineWidth>1</lineWidth>
<points>
<point x="1055" y="451"/>
<point x="1121" y="451"/>
<point x="1121" y="510"/>
<point x="1015" y="510"/>
<point x="1015" y="472"/>
</points>
</Connector>
<Connector class="oracle.dbtools.crest.swingui.logical.TVRelation" oid="A6607584-C870-5F49-1F43-2E996FB15077" otype="Relation" vid_source="0604CBC6-AE79-D161-10A4-D0F37746FC53" vid_target="641B2CA9-F6E1-16A8-0434-FE8207444534">
<hideElementsInCurrentOnly>false</hideElementsInCurrentOnly>
<backgroundColor>-16777216</backgroundColor>
<lineWidth>1</lineWidth>
<points>
<point x="525" y="132"/>
<point x="258" y="230"/>
</points>
</Connector>
<Connector class="oracle.dbtools.crest.swingui.logical.TVRelation" oid="B14BBA90-ADF5-1185-DF1B-E00F4A95B642" otype="Relation" vid_source="C7EB2162-724F-99C6-5C5E-FFE39BAFEE39" vid_target="C7EB2162-724F-99C6-5C5E-FFE39BAFEE39">
<hideElementsInCurrentOnly>false</hideElementsInCurrentOnly>
<backgroundColor>-16777216</backgroundColor>
<lineWidth>1</lineWidth>
<points>
<point x="553" y="298"/>
<point x="580" y="298"/>
<point x="582" y="399"/>
<point x="455" y="400"/>
<point x="455" y="373"/>
</points>
</Connector>
<Connector class="oracle.dbtools.crest.swingui.logical.TVRelation" oid="BC51474C-313D-93DF-C156-DA1124020EDC" otype="Relation" vid_source="537BF6D5-3631-1B56-BBAD-F232761A13FA" vid_target="0604CBC6-AE79-D161-10A4-D0F37746FC53">
<hideElementsInCurrentOnly>false</hideElementsInCurrentOnly>
<backgroundColor>-16777216</backgroundColor>
<lineWidth>1</lineWidth>
<points>
<point x="438" y="98"/>
<point x="525" y="98"/>
</points>
</Connector>
<Connector class="oracle.dbtools.crest.swingui.logical.TVRelation" oid="DC265DA3-1B9E-1A38-D0CB-98299A6655E4" otype="Relation" vid_source="C5A30F54-A57A-7859-823A-06205E1644AF" vid_target="C7EB2162-724F-99C6-5C5E-FFE39BAFEE39">
<hideElementsInCurrentOnly>false</hideElementsInCurrentOnly>
<backgroundColor>-16777216</backgroundColor>
<lineWidth>1</lineWidth>
<points>
<point x="474" y="486"/>
<point x="474" y="373"/>
</points>
</Connector>
<Connector class="oracle.dbtools.crest.swingui.logical.TVInheritanceRelation" oid="E98DCE85-C884-72D6-FA02-D64F1DFDD2D7" otype="Hierarchy relation" vid_source="27D8D3D6-0C16-597A-2069-FECC40D80615" vid_target="FC1A6DF4-FD2C-E7D7-1C3B-EC41146C1A26">
<hideElementsInCurrentOnly>false</hideElementsInCurrentOnly>
<backgroundColor>-65536</backgroundColor>
<lineWidth>1</lineWidth>
<points>
<point x="953" y="175"/>
<point x="953" y="386"/>
</points>
</Connector>
</connectors>
<arcs>
<Arc class="oracle.dbtools.crest.swingui.logical.TVArc" oid="8B7C30EB-C9C0-1380-0AC3-2A64B052451A" otype="Arc" vid="063DEF0F-E2BE-36BB-4A60-F4C69715607F">
<hideElementsInCurrentOnly>false</hideElementsInCurrentOnly>
<bounds x="830" y="12" width="239" height="183"/>
</Arc>
</arcs>
</Diagram>
