<?xml version = '1.0' encoding = 'UTF-8'?>
<Relation class="oracle.dbtools.crest.model.design.logical.Relation" name="Relation_3" directorySegmentName="seg_0" id="12A67AB0-F2CD-E795-4BCF-9174ED48AD4E">
<createdBy>esteb</createdBy>
<createdTime>2025-09-15 02:50:07 UTC</createdTime>
<ownerDesignName>sumativa2_modelo_relacional</ownerDesignName>
<engineerTo>
<item key="07A8347A-AA38-52A3-D4B1-372680C066B8" value="true"/>
</engineerTo>
<sourcePk>CD4B4642-BE0F-96B9-DD80-914882D655D1</sourcePk>
<identifying>false</identifying>
<optionalSource>true</optionalSource>
<optionalTarget>false</optionalTarget>
<sourceCardinality>1</sourceCardinality>
<sourceEntity>0C344A42-905F-8A5C-287A-818C3B61BC0E</sourceEntity>
<targetCardinalityString>*</targetCardinalityString>
<targetEntity>FEBF068C-1CFB-4E00-1D0D-564136D2FDB0</targetEntity>
<transferable>true</transferable>
<deleteRule>NO ACTION</deleteRule>
</Relation>
