<?xml version = '1.0' encoding = 'UTF-8'?>
<Relation class="oracle.dbtools.crest.model.design.logical.Relation" name="Relation_10" directorySegmentName="seg_0" id="1B792F6B-8855-76E0-B65C-FA89D1FF94CB">
<createdBy>esteb</createdBy>
<createdTime>2025-09-15 03:06:57 UTC</createdTime>
<ownerDesignName>sumativa2_modelo_relacional</ownerDesignName>
<engineerTo>
<item key="07A8347A-AA38-52A3-D4B1-372680C066B8" value="true"/>
</engineerTo>
<sourcePk>8FF64D14-2121-3165-1E2E-60216C0AB70C</sourcePk>
<identifying>false</identifying>
<optionalSource>true</optionalSource>
<optionalTarget>false</optionalTarget>
<sourceCardinality>1</sourceCardinality>
<sourceEntity>1814771D-C688-045B-0293-E065A4D96E74</sourceEntity>
<targetCardinalityString>*</targetCardinalityString>
<targetEntity>225833B4-5DF2-F994-2CC6-076D4D467629</targetEntity>
<transferable>true</transferable>
<deleteRule>NO ACTION</deleteRule>
</Relation>
