<?xml version = '1.0' encoding = 'UTF-8'?>
<Relation class="oracle.dbtools.crest.model.design.logical.Relation" name="Relation_2" directorySegmentName="seg_0" id="1EB351CE-7F28-955D-B030-80839D78FBD1">
<createdBy>esteb</createdBy>
<createdTime>2025-09-15 02:41:09 UTC</createdTime>
<ownerDesignName>sumativa2_modelo_relacional</ownerDesignName>
<engineerTo>
<item key="07A8347A-AA38-52A3-D4B1-372680C066B8" value="true"/>
</engineerTo>
<identifying>false</identifying>
<optionalSource>true</optionalSource>
<optionalTarget>false</optionalTarget>
<sourceCardinality>*</sourceCardinality>
<sourceEntity>E914CC7F-C120-C3DF-F9B5-936720E55B11</sourceEntity>
<targetCardinalityString>*</targetCardinalityString>
<targetEntity>DE649E4C-B481-7E12-6A38-B43FE6A0AC61</targetEntity>
<transferable>true</transferable>
<deleteRule>NO ACTION</deleteRule>
</Relation>
