<?xml version = '1.0' encoding = 'UTF-8'?>
<Relation class="oracle.dbtools.crest.model.design.logical.Relation" name="Relation_4" directorySegmentName="seg_0" id="3E35A9F4-A98A-80DC-A6E3-945D11C2C070">
<createdBy>esteb</createdBy>
<createdTime>2025-09-15 02:50:23 UTC</createdTime>
<ownerDesignName>sumativa2_modelo_relacional</ownerDesignName>
<engineerTo>
<item key="07A8347A-AA38-52A3-D4B1-372680C066B8" value="true"/>
</engineerTo>
<sourcePk>280AE362-783C-A645-36A8-805D6622C26B</sourcePk>
<identifying>true</identifying>
<optionalSource>true</optionalSource>
<optionalTarget>false</optionalTarget>
<sourceCardinality>1</sourceCardinality>
<sourceEntity>2094B1EE-BC01-5BDD-CBB8-66466BB45A53</sourceEntity>
<targetCardinalityString>*</targetCardinalityString>
<targetEntity>FEBF068C-1CFB-4E00-1D0D-564136D2FDB0</targetEntity>
<transferable>true</transferable>
<deleteRule>NO ACTION</deleteRule>
</Relation>
