<?xml version = '1.0' encoding = 'UTF-8'?>
<Relation class="oracle.dbtools.crest.model.design.logical.Relation" name="Relation_13" directorySegmentName="seg_0" id="8ABD254D-8B69-C82B-74E9-C5047BBF9063">
<createdBy>esteb</createdBy>
<createdTime>2025-09-15 03:08:28 UTC</createdTime>
<ownerDesignName>sumativa2_modelo_relacional</ownerDesignName>
<engineerTo>
<item key="07A8347A-AA38-52A3-D4B1-372680C066B8" value="true"/>
</engineerTo>
<sourcePk>8FF64D14-2121-3165-1E2E-60216C0AB70C</sourcePk>
<identifying>false</identifying>
<optionalSource>true</optionalSource>
<optionalTarget>false</optionalTarget>
<sourceCardinality>1</sourceCardinality>
<sourceEntity>1814771D-C688-045B-0293-E065A4D96E74</sourceEntity>
<targetCardinalityString>1</targetCardinalityString>
<targetEntity>E914CC7F-C120-C3DF-F9B5-936720E55B11</targetEntity>
<transferable>true</transferable>
<deleteRule>NO ACTION</deleteRule>
</Relation>
