<?xml version = '1.0' encoding = 'UTF-8'?>
<Relation class="oracle.dbtools.crest.model.design.logical.Relation" name="Relation_8" directorySegmentName="seg_0" id="8FD2CEF3-252F-810F-56AC-A596C571D22C">
<createdBy>esteb</createdBy>
<createdTime>2025-09-15 03:00:10 UTC</createdTime>
<ownerDesignName>sumativa2_modelo_relacional</ownerDesignName>
<engineerTo>
<item key="07A8347A-AA38-52A3-D4B1-372680C066B8" value="true"/>
</engineerTo>
<sourcePk>B3A4A9DF-23D9-60C7-F623-F0690B8B5C96</sourcePk>
<identifying>false</identifying>
<optionalSource>true</optionalSource>
<optionalTarget>false</optionalTarget>
<sourceCardinality>1</sourceCardinality>
<sourceEntity>9C3A448E-A9F2-B2CD-5317-25055096E136</sourceEntity>
<targetCardinalityString>*</targetCardinalityString>
<targetEntity>621B27EB-F1D4-1EF5-A75B-A1E11DAC210A</targetEntity>
<transferable>true</transferable>
<deleteRule>NO ACTION</deleteRule>
</Relation>
