<?xml version = '1.0' encoding = 'UTF-8'?>
<Relation class="oracle.dbtools.crest.model.design.logical.Relation" name="Relation_5" directorySegmentName="seg_0" id="915A2FC0-70F7-8452-F832-D35B13EF5E36">
<createdBy>esteb</createdBy>
<createdTime>2025-09-15 02:50:37 UTC</createdTime>
<ownerDesignName>sumativa2_modelo_relacional</ownerDesignName>
<engineerTo>
<item key="07A8347A-AA38-52A3-D4B1-372680C066B8" value="true"/>
</engineerTo>
<sourcePk>5DDA37D5-5F23-3451-A2C9-BD0534DEFD75</sourcePk>
<identifying>false</identifying>
<optionalSource>true</optionalSource>
<optionalTarget>false</optionalTarget>
<sourceCardinality>1</sourceCardinality>
<sourceEntity>32CB8424-3981-C171-A188-5CAC288E996A</sourceEntity>
<targetCardinalityString>*</targetCardinalityString>
<targetEntity>FEBF068C-1CFB-4E00-1D0D-564136D2FDB0</targetEntity>
<transferable>true</transferable>
<deleteRule>NO ACTION</deleteRule>
</Relation>
