<?xml version = '1.0' encoding = 'UTF-8'?>
<Relation class="oracle.dbtools.crest.model.design.logical.Relation" name="Relation_6" directorySegmentName="seg_0" id="964BFBAA-6F5C-DD89-895D-F87DB6E76EDA">
<createdBy>esteb</createdBy>
<createdTime>2025-09-15 02:50:45 UTC</createdTime>
<ownerDesignName>sumativa2_modelo_relacional</ownerDesignName>
<engineerTo>
<item key="07A8347A-AA38-52A3-D4B1-372680C066B8" value="true"/>
</engineerTo>
<targetPk>8302AA4F-89C4-B88B-39CB-4223B1842C38</targetPk>
<identifying>false</identifying>
<nameOnSource>supervisor</nameOnSource>
<nameOnTarget>supervisado</nameOnTarget>
<optionalSource>false</optionalSource>
<optionalTarget>true</optionalTarget>
<sourceCardinality>1</sourceCardinality>
<sourceEntity>FEBF068C-1CFB-4E00-1D0D-564136D2FDB0</sourceEntity>
<targetCardinalityString>1</targetCardinalityString>
<targetEntity>FEBF068C-1CFB-4E00-1D0D-564136D2FDB0</targetEntity>
<transferable>true</transferable>
<deleteRule>NO ACTION</deleteRule>
</Relation>
