<?xml version = '1.0' encoding = 'UTF-8'?>
<Relation class="oracle.dbtools.crest.model.design.logical.Relation" name="Relation_9" directorySegmentName="seg_0" id="A458DAB1-4E8D-F2F7-0B8A-A4AB52CF5F16">
<createdBy>esteb</createdBy>
<createdTime>2025-09-15 03:00:35 UTC</createdTime>
<ownerDesignName>sumativa2_modelo_relacional</ownerDesignName>
<engineerTo>
<item key="07A8347A-AA38-52A3-D4B1-372680C066B8" value="true"/>
</engineerTo>
<sourcePk>2D904FF7-302C-67FC-F95D-848A66400016</sourcePk>
<identifying>false</identifying>
<optionalSource>true</optionalSource>
<optionalTarget>false</optionalTarget>
<sourceCardinality>1</sourceCardinality>
<sourceEntity>30E16E20-C560-8E51-4D51-4D6CAD04A846</sourceEntity>
<targetCardinalityString>*</targetCardinalityString>
<targetEntity>621B27EB-F1D4-1EF5-A75B-A1E11DAC210A</targetEntity>
<transferable>true</transferable>
<deleteRule>NO ACTION</deleteRule>
</Relation>
