<?xml version = '1.0' encoding = 'UTF-8'?>
<Relation class="oracle.dbtools.crest.model.design.logical.Relation" name="Relation_21" directorySegmentName="seg_0" id="B464FA56-493C-5A7A-BABE-83727592D909">
<createdBy>esteb</createdBy>
<createdTime>2025-09-15 18:55:07 UTC</createdTime>
<ownerDesignName>sumativa2_modelo_relacional</ownerDesignName>
<engineerTo>
<item key="07A8347A-AA38-52A3-D4B1-372680C066B8" value="true"/>
</engineerTo>
<sourcePk>680CA2D0-6849-7F70-6B57-8F0A67DA16BC</sourcePk>
<identifying>true</identifying>
<optionalSource>true</optionalSource>
<optionalTarget>false</optionalTarget>
<sourceCardinality>1</sourceCardinality>
<sourceEntity>D1F0FA65-2528-ADD2-0A0E-E42F8C2BD52F</sourceEntity>
<targetCardinalityString>*</targetCardinalityString>
<targetEntity>E914CC7F-C120-C3DF-F9B5-936720E55B11</targetEntity>
<transferable>true</transferable>
<deleteRule>NO ACTION</deleteRule>
</Relation>
