<?xml version = '1.0' encoding = 'UTF-8'?>
<Relation class="oracle.dbtools.crest.model.design.logical.Relation" name="Relation_12" directorySegmentName="seg_0" id="BAE54474-EDD4-F8C8-3ED9-C9BA60E7CD72">
<createdBy>esteb</createdBy>
<createdTime>2025-09-15 03:07:43 UTC</createdTime>
<ownerDesignName>sumativa2_modelo_relacional</ownerDesignName>
<engineerTo>
<item key="07A8347A-AA38-52A3-D4B1-372680C066B8" value="true"/>
</engineerTo>
<sourcePk>85AD62E1-B4DE-0E05-08CA-D2D3A4FEF7F0</sourcePk>
<identifying>false</identifying>
<optionalSource>true</optionalSource>
<optionalTarget>false</optionalTarget>
<sourceCardinality>1</sourceCardinality>
<sourceEntity>621B27EB-F1D4-1EF5-A75B-A1E11DAC210A</sourceEntity>
<targetCardinalityString>*</targetCardinalityString>
<targetEntity>E914CC7F-C120-C3DF-F9B5-936720E55B11</targetEntity>
<transferable>true</transferable>
<deleteRule>NO ACTION</deleteRule>
</Relation>
