<?xml version = '1.0' encoding = 'UTF-8'?>
<Relation class="oracle.dbtools.crest.model.design.logical.Relation" name="Relation_19" directorySegmentName="seg_0" id="BDC72A85-C888-261C-365B-C2A9FAE7C3BC">
<createdBy>esteb</createdBy>
<createdTime>2025-09-15 18:54:01 UTC</createdTime>
<ownerDesignName>sumativa2_modelo_relacional</ownerDesignName>
<engineerTo>
<item key="07A8347A-AA38-52A3-D4B1-372680C066B8" value="true"/>
</engineerTo>
<sourcePk>10CA3535-F57F-F503-9643-11A3CAE9B826</sourcePk>
<identifying>false</identifying>
<optionalSource>true</optionalSource>
<optionalTarget>false</optionalTarget>
<sourceCardinality>1</sourceCardinality>
<sourceEntity>E914CC7F-C120-C3DF-F9B5-936720E55B11</sourceEntity>
<targetCardinalityString>*</targetCardinalityString>
<targetEntity>6C3A968F-89AC-FE9E-F4B8-0A1330F236A7</targetEntity>
<transferable>true</transferable>
<deleteRule>NO ACTION</deleteRule>
</Relation>
