<?xml version = '1.0' encoding = 'UTF-8'?>
<Relation class="oracle.dbtools.crest.model.design.logical.Relation" name="Relation_11" directorySegmentName="seg_0" id="C710B95F-DA13-24C6-0C80-465DD44ECFF9">
<createdBy>esteb</createdBy>
<createdTime>2025-09-15 03:07:23 UTC</createdTime>
<ownerDesignName>sumativa2_modelo_relacional</ownerDesignName>
<engineerTo>
<item key="07A8347A-AA38-52A3-D4B1-372680C066B8" value="true"/>
</engineerTo>
<sourcePk>8302AA4F-89C4-B88B-39CB-4223B1842C38</sourcePk>
<identifying>false</identifying>
<optionalSource>true</optionalSource>
<optionalTarget>false</optionalTarget>
<sourceCardinality>1</sourceCardinality>
<sourceEntity>FEBF068C-1CFB-4E00-1D0D-564136D2FDB0</sourceEntity>
<targetCardinalityString>*</targetCardinalityString>
<targetEntity>E914CC7F-C120-C3DF-F9B5-936720E55B11</targetEntity>
<transferable>true</transferable>
<deleteRule>NO ACTION</deleteRule>
</Relation>
