<?xml version = '1.0' encoding = 'UTF-8'?>
<Relation class="oracle.dbtools.crest.model.design.logical.Relation" name="Relation_7" directorySegmentName="seg_0" id="C9600634-339A-991E-A047-909AE243F497">
<createdBy>esteb</createdBy>
<createdTime>2025-09-15 02:59:52 UTC</createdTime>
<ownerDesignName>sumativa2_modelo_relacional</ownerDesignName>
<engineerTo>
<item key="07A8347A-AA38-52A3-D4B1-372680C066B8" value="true"/>
</engineerTo>
<sourcePk>F4BF83B4-1472-0C7C-6694-81AA28284FFC</sourcePk>
<identifying>false</identifying>
<optionalSource>true</optionalSource>
<optionalTarget>false</optionalTarget>
<sourceCardinality>1</sourceCardinality>
<sourceEntity>92FB0B7F-7001-9CDA-C323-C3B60B1D7C5A</sourceEntity>
<targetCardinalityString>*</targetCardinalityString>
<targetEntity>9C3A448E-A9F2-B2CD-5317-25055096E136</targetEntity>
<transferable>true</transferable>
<deleteRule>NO ACTION</deleteRule>
</Relation>
