<?xml version = '1.0' encoding = 'UTF-8'?>
<Relation class="oracle.dbtools.crest.model.design.logical.Relation" name="Relation_1" directorySegmentName="seg_0" id="CC7E9D23-72E2-AC54-B668-E94DD798C897">
<createdBy>esteb</createdBy>
<createdTime>2025-09-15 02:40:45 UTC</createdTime>
<ownerDesignName>sumativa2_modelo_relacional</ownerDesignName>
<engineerTo>
<item key="07A8347A-AA38-52A3-D4B1-372680C066B8" value="true"/>
</engineerTo>
<identifying>false</identifying>
<optionalSource>true</optionalSource>
<optionalTarget>false</optionalTarget>
<sourceCardinality>*</sourceCardinality>
<sourceEntity>E914CC7F-C120-C3DF-F9B5-936720E55B11</sourceEntity>
<targetCardinalityString>*</targetCardinalityString>
<targetEntity>A1CB341C-77A8-D2B2-11D2-03D8B7C3BC93</targetEntity>
<transferable>true</transferable>
<deleteRule>NO ACTION</deleteRule>
</Relation>
