<?xml version = '1.0' encoding = 'UTF-8'?>
<Relation class="oracle.dbtools.crest.model.design.logical.Relation" name="Relation_14" directorySegmentName="seg_0" id="D84DF5B9-41A6-6972-3DE9-C1DBC287276E">
<createdBy>esteb</createdBy>
<createdTime>2025-09-15 03:13:01 UTC</createdTime>
<ownerDesignName>sumativa2_modelo_relacional</ownerDesignName>
<engineerTo>
<item key="07A8347A-AA38-52A3-D4B1-372680C066B8" value="true"/>
</engineerTo>
<identifying>false</identifying>
<optionalSource>true</optionalSource>
<optionalTarget>false</optionalTarget>
<sourceCardinality>*</sourceCardinality>
<sourceEntity>A9540A35-DD01-D8B5-BF03-F06FF2817C65</sourceEntity>
<targetCardinalityString>*</targetCardinalityString>
<targetEntity>FEBF068C-1CFB-4E00-1D0D-564136D2FDB0</targetEntity>
<transferable>true</transferable>
<deleteRule>NO ACTION</deleteRule>
</Relation>
