<?xml version = '1.0' encoding = 'UTF-8'?>
<Relation class="oracle.dbtools.crest.model.design.logical.Relation" name="Relation_17" directorySegmentName="seg_0" id="2C44CF14-5060-CCE7-D9CE-F9BE6ECDDF74">
<createdBy>esteb</createdBy>
<createdTime>2025-08-31 21:44:43 UTC</createdTime>
<ownerDesignName>Exp1_S3_Esteban_Garay</ownerDesignName>
<engineerTo>
<item key="7646B723-33A7-74D6-AE69-98785A87AA7B" value="true"/>
</engineerTo>
<sourcePk>76EFDCC2-6595-CDFB-4939-6BA30917D723</sourcePk>
<targetPk>13E72FB6-A863-7049-64D2-49C7230348BC</targetPk>
<identifying>false</identifying>
<optionalSource>false</optionalSource>
<optionalTarget>false</optionalTarget>
<sourceCardinality>1</sourceCardinality>
<sourceEntity>755E90C3-97D9-0ED7-ACAC-E3809867A33F</sourceEntity>
<targetCardinalityString>1</targetCardinalityString>
<targetEntity>F88FAC28-2942-4D8D-14CC-3EF20A8F08BC</targetEntity>
<transferable>true</transferable>
<deleteRule>NO ACTION</deleteRule>
</Relation>
