<?xml version = '1.0' encoding = 'UTF-8'?>
<Relation class="oracle.dbtools.crest.model.design.logical.Relation" name="Relation_12" directorySegmentName="seg_0" id="3C6FF619-AB33-4945-0696-89CEC703C93A">
<createdBy>esteb</createdBy>
<createdTime>2025-08-30 20:39:51 UTC</createdTime>
<ownerDesignName>Exp1_S3_Esteban_Garay</ownerDesignName>
<engineerTo>
<item key="7646B723-33A7-74D6-AE69-98785A87AA7B" value="true"/>
</engineerTo>
<sourcePk>63B9DCF0-7FA4-A0A3-257E-D81861769753</sourcePk>
<identifying>false</identifying>
<optionalSource>false</optionalSource>
<optionalTarget>false</optionalTarget>
<sourceCardinality>1</sourceCardinality>
<sourceEntity>9BF55F1E-6391-49DC-5E41-F6958CC77C8B</sourceEntity>
<targetCardinalityString>*</targetCardinalityString>
<targetEntity>E16738B0-D934-6F16-3F6F-3489840B8365</targetEntity>
<transferable>true</transferable>
<deleteRule>NO ACTION</deleteRule>
</Relation>
