<?xml version = '1.0' encoding = 'UTF-8'?>
<Relation class="oracle.dbtools.crest.model.design.logical.Relation" name="Relation_16" directorySegmentName="seg_0" id="59241077-F006-B5A5-FF3A-BC5A5E4252D8">
<createdBy>esteb</createdBy>
<createdTime>2025-08-31 21:42:36 UTC</createdTime>
<ownerDesignName>Exp1_S3_Esteban_Garay</ownerDesignName>
<engineerTo>
<item key="7646B723-33A7-74D6-AE69-98785A87AA7B" value="true"/>
</engineerTo>
<sourcePk>76EFDCC2-6595-CDFB-4939-6BA30917D723</sourcePk>
<identifying>false</identifying>
<optionalSource>false</optionalSource>
<optionalTarget>true</optionalTarget>
<sourceCardinality>1</sourceCardinality>
<sourceEntity>755E90C3-97D9-0ED7-ACAC-E3809867A33F</sourceEntity>
<targetCardinalityString>*</targetCardinalityString>
<targetEntity>57F2C377-058F-D5BD-A08E-8CFC054D234A</targetEntity>
<transferable>true</transferable>
<deleteRule>NO ACTION</deleteRule>
</Relation>
