<?xml version = '1.0' encoding = 'UTF-8'?>
<Relation class="oracle.dbtools.crest.model.design.logical.Relation" name="Relation_8" directorySegmentName="seg_0" id="6D4D9194-1361-1F46-3874-2158F3A15582">
<createdBy>esteb</createdBy>
<createdTime>2025-08-30 20:29:37 UTC</createdTime>
<ownerDesignName>Exp1_S3_Esteban_Garay</ownerDesignName>
<engineerTo>
<item key="7646B723-33A7-74D6-AE69-98785A87AA7B" value="true"/>
</engineerTo>
<sourceTransferable>false</sourceTransferable>
<sourcePk>786B2904-1C3A-73B0-BD33-6DB2683CAC1B</sourcePk>
<targetPk>0CB3C25F-5C2A-E480-68D8-C185D92BFEAE</targetPk>
<identifying>false</identifying>
<optionalSource>false</optionalSource>
<optionalTarget>true</optionalTarget>
<sourceCardinality>1</sourceCardinality>
<sourceEntity>7E7D357F-4BB0-F71E-374B-FC07B5FC99FA</sourceEntity>
<targetCardinalityString>1</targetCardinalityString>
<targetEntity>57F2C377-058F-D5BD-A08E-8CFC054D234A</targetEntity>
<transferable>true</transferable>
<deleteRule>NO ACTION</deleteRule>
</Relation>
