<?xml version = '1.0' encoding = 'UTF-8'?>
<Relation class="oracle.dbtools.crest.model.design.logical.Relation" name="Relation_5" directorySegmentName="seg_0" id="71796527-F0F9-2EB2-E7C3-7CFDD4039B67">
<createdBy>esteb</createdBy>
<createdTime>2025-08-30 20:17:09 UTC</createdTime>
<ownerDesignName>Exp1_S3_Esteban_Garay</ownerDesignName>
<engineerTo>
<item key="7646B723-33A7-74D6-AE69-98785A87AA7B" value="true"/>
</engineerTo>
<sourcePk>13E72FB6-A863-7049-64D2-49C7230348BC</sourcePk>
<identifying>false</identifying>
<optionalSource>false</optionalSource>
<optionalTarget>false</optionalTarget>
<sourceCardinality>1</sourceCardinality>
<sourceEntity>F88FAC28-2942-4D8D-14CC-3EF20A8F08BC</sourceEntity>
<targetCardinalityString>*</targetCardinalityString>
<targetEntity>57F2C377-058F-D5BD-A08E-8CFC054D234A</targetEntity>
<transferable>true</transferable>
<deleteRule>NO ACTION</deleteRule>
</Relation>
