<?xml version = '1.0' encoding = 'UTF-8'?>
<Relation class="oracle.dbtools.crest.model.design.logical.Relation" name="Relation_15" directorySegmentName="seg_0" id="765823CE-83F4-3649-7A08-BC95CDD18793">
<createdBy>esteb</createdBy>
<createdTime>2025-08-31 21:40:53 UTC</createdTime>
<ownerDesignName>Exp1_S3_Esteban_Garay</ownerDesignName>
<engineerTo>
<item key="7646B723-33A7-74D6-AE69-98785A87AA7B" value="true"/>
</engineerTo>
<sourcePk>76EFDCC2-6595-CDFB-4939-6BA30917D723</sourcePk>
<identifying>false</identifying>
<optionalSource>false</optionalSource>
<optionalTarget>true</optionalTarget>
<sourceCardinality>1</sourceCardinality>
<sourceEntity>755E90C3-97D9-0ED7-ACAC-E3809867A33F</sourceEntity>
<targetCardinalityString>*</targetCardinalityString>
<targetEntity>7E0C306C-7E76-3A74-969D-8907E9BB1920</targetEntity>
<transferable>true</transferable>
<deleteRule>NO ACTION</deleteRule>
</Relation>
