<?xml version = '1.0' encoding = 'UTF-8'?>
<Relation class="oracle.dbtools.crest.model.design.logical.Relation" name="Relation_1" directorySegmentName="seg_0" id="98FD9EC5-A8A3-CD07-BA86-4C1700DC6D84">
<createdBy>esteb</createdBy>
<createdTime>2025-08-29 21:36:58 UTC</createdTime>
<ownerDesignName>Exp1_S3_Esteban_Garay</ownerDesignName>
<engineerTo>
<item key="7646B723-33A7-74D6-AE69-98785A87AA7B" value="true"/>
</engineerTo>
<sourcePk>DABF27B6-51FB-8E8A-96D1-6365FC8573E4</sourcePk>
<identifying>false</identifying>
<optionalSource>false</optionalSource>
<optionalTarget>true</optionalTarget>
<sourceCardinality>1</sourceCardinality>
<sourceEntity>DC9B66DA-90D2-8F0E-8DD8-A7A25E2B3923</sourceEntity>
<targetCardinalityString>*</targetCardinalityString>
<targetEntity>E338BA1B-8FDC-5CEF-ADF1-6D5551411E2E</targetEntity>
<transferable>true</transferable>
<deleteRule>NO ACTION</deleteRule>
</Relation>
