<?xml version = '1.0' encoding = 'UTF-8'?>
<Relation class="oracle.dbtools.crest.model.design.logical.Relation" name="Relation_14" directorySegmentName="seg_0" id="9C5A88DB-D518-7ED3-0C68-75CB703E2186">
<createdBy>esteb</createdBy>
<createdTime>2025-08-31 21:39:55 UTC</createdTime>
<ownerDesignName>Exp1_S3_Esteban_Garay</ownerDesignName>
<engineerTo>
<item key="7646B723-33A7-74D6-AE69-98785A87AA7B" value="true"/>
</engineerTo>
<sourcePk>13E72FB6-A863-7049-64D2-49C7230348BC</sourcePk>
<identifying>false</identifying>
<optionalSource>false</optionalSource>
<optionalTarget>false</optionalTarget>
<sourceCardinality>1</sourceCardinality>
<sourceEntity>F88FAC28-2942-4D8D-14CC-3EF20A8F08BC</sourceEntity>
<targetCardinalityString>*</targetCardinalityString>
<targetEntity>7E0C306C-7E76-3A74-969D-8907E9BB1920</targetEntity>
<transferable>true</transferable>
<deleteRule>NO ACTION</deleteRule>
</Relation>
