<?xml version = '1.0' encoding = 'UTF-8'?>
<Relation class="oracle.dbtools.crest.model.design.logical.Relation" name="Relation_22" directorySegmentName="seg_0" id="A35E7581-7C51-2186-F722-C4471F871FA4">
<createdBy>esteb</createdBy>
<createdTime>2025-08-30 21:17:11 UTC</createdTime>
<ownerDesignName>Exp1_S3_Esteban_Garay</ownerDesignName>
<engineerTo>
<item key="7646B723-33A7-74D6-AE69-98785A87AA7B" value="true"/>
</engineerTo>
<targetPk>31029CB9-4B46-A134-7C67-96992534F52B</targetPk>
<identifying>false</identifying>
<nameOnSource>supervisor</nameOnSource>
<nameOnTarget>supervisado</nameOnTarget>
<optionalSource>false</optionalSource>
<optionalTarget>true</optionalTarget>
<sourceCardinality>1</sourceCardinality>
<sourceEntity>C4EEBC39-6EE3-1E27-FA60-E15EC50AB249</sourceEntity>
<targetCardinalityString>1</targetCardinalityString>
<targetEntity>C4EEBC39-6EE3-1E27-FA60-E15EC50AB249</targetEntity>
<transferable>true</transferable>
<deleteRule>NO ACTION</deleteRule>
</Relation>
