<?xml version = '1.0' encoding = 'UTF-8'?>
<Relation class="oracle.dbtools.crest.model.design.logical.Relation" name="Relation_9" directorySegmentName="seg_0" id="A6607584-C870-5F49-1F43-2E996FB15077">
<createdBy>esteb</createdBy>
<createdTime>2025-08-30 20:31:50 UTC</createdTime>
<ownerDesignName>Exp1_S3_Esteban_Garay</ownerDesignName>
<engineerTo>
<item key="7646B723-33A7-74D6-AE69-98785A87AA7B" value="true"/>
</engineerTo>
<sourcePk>63B9DCF0-7FA4-A0A3-257E-D81861769753</sourcePk>
<identifying>false</identifying>
<optionalSource>false</optionalSource>
<optionalTarget>false</optionalTarget>
<sourceCardinality>1</sourceCardinality>
<sourceEntity>9BF55F1E-6391-49DC-5E41-F6958CC77C8B</sourceEntity>
<targetCardinalityString>*</targetCardinalityString>
<targetEntity>7E7D357F-4BB0-F71E-374B-FC07B5FC99FA</targetEntity>
<transferable>true</transferable>
<deleteRule>NO ACTION</deleteRule>
</Relation>
