<?xml version = '1.0' encoding = 'UTF-8'?>
<Relation class="oracle.dbtools.crest.model.design.logical.Relation" name="Relation_7" directorySegmentName="seg_0" id="B14BBA90-ADF5-1185-DF1B-E00F4A95B642">
<createdBy>esteb</createdBy>
<createdTime>2025-08-30 20:24:40 UTC</createdTime>
<ownerDesignName>Exp1_S3_Esteban_Garay</ownerDesignName>
<engineerTo>
<item key="7646B723-33A7-74D6-AE69-98785A87AA7B" value="true"/>
</engineerTo>
<targetPk>0CB3C25F-5C2A-E480-68D8-C185D92BFEAE</targetPk>
<identifying>false</identifying>
<nameOnSource>apoderado</nameOnSource>
<nameOnTarget>residente</nameOnTarget>
<optionalSource>false</optionalSource>
<optionalTarget>true</optionalTarget>
<sourceCardinality>1</sourceCardinality>
<sourceEntity>57F2C377-058F-D5BD-A08E-8CFC054D234A</sourceEntity>
<targetCardinalityString>1</targetCardinalityString>
<targetEntity>57F2C377-058F-D5BD-A08E-8CFC054D234A</targetEntity>
<transferable>true</transferable>
<deleteRule>NO ACTION</deleteRule>
</Relation>
