<?xml version = '1.0' encoding = 'UTF-8'?>
<Relation class="oracle.dbtools.crest.model.design.logical.Relation" name="Relation_2" directorySegmentName="seg_0" id="BC51474C-313D-93DF-C156-DA1124020EDC">
<createdBy>esteb</createdBy>
<createdTime>2025-08-29 21:40:29 UTC</createdTime>
<ownerDesignName>Exp1_S3_Esteban_Garay</ownerDesignName>
<engineerTo>
<item key="7646B723-33A7-74D6-AE69-98785A87AA7B" value="true"/>
</engineerTo>
<sourcePk>CDC0D7C3-2486-7DED-3E02-638BA80FB858</sourcePk>
<identifying>false</identifying>
<optionalSource>false</optionalSource>
<optionalTarget>true</optionalTarget>
<sourceCardinality>1</sourceCardinality>
<sourceEntity>E338BA1B-8FDC-5CEF-ADF1-6D5551411E2E</sourceEntity>
<targetCardinalityString>*</targetCardinalityString>
<targetEntity>9BF55F1E-6391-49DC-5E41-F6958CC77C8B</targetEntity>
<transferable>true</transferable>
<deleteRule>NO ACTION</deleteRule>
</Relation>
