<?xml version = '1.0' encoding = 'UTF-8'?>
<Relation class="oracle.dbtools.crest.model.design.logical.Relation" name="Relation_18" directorySegmentName="seg_0" id="DC265DA3-1B9E-1A38-D0CB-98299A6655E4">
<createdBy>esteb</createdBy>
<createdTime>2025-08-31 21:46:19 UTC</createdTime>
<ownerDesignName>Exp1_S3_Esteban_Garay</ownerDesignName>
<engineerTo>
<item key="7646B723-33A7-74D6-AE69-98785A87AA7B" value="true"/>
</engineerTo>
<sourcePk>60F8013F-E41A-14E7-6838-405146E8E273</sourcePk>
<identifying>false</identifying>
<optionalSource>false</optionalSource>
<optionalTarget>true</optionalTarget>
<sourceCardinality>1</sourceCardinality>
<sourceEntity>7E0C306C-7E76-3A74-969D-8907E9BB1920</sourceEntity>
<targetCardinalityString>*</targetCardinalityString>
<targetEntity>57F2C377-058F-D5BD-A08E-8CFC054D234A</targetEntity>
<transferable>true</transferable>
<deleteRule>NO ACTION</deleteRule>
</Relation>
