<?xml version = '1.0' encoding = 'UTF-8'?>
<Arc class="oracle.dbtools.crest.model.design.logical.Arc" directorySegmentName="seg_0" id="8B7C30EB-C9C0-1380-0AC3-2A64B052451A" name="Arc_2">
<createdBy>esteb</createdBy>
<createdTime>2025-08-30 21:33:13 UTC</createdTime>
<ownerDesignName>Exp1_S3_Esteban_Garay</ownerDesignName>
<engineerTo>
<item key="7646B723-33A7-74D6-AE69-98785A87AA7B" value="true"/>
</engineerTo>
<entity>E16738B0-D934-6F16-3F6F-3489840B8365</entity>
<relations>
<relationID>80D1D80B-15B8-2875-3984-FED7779B290B</relationID>
<relationID>E98DCE85-C884-72D6-FA02-D64F1DFDD2D7</relationID>
</relations>
</Arc>
