<?xml version = '1.0' encoding = 'UTF-8'?>
<Diagram class="oracle.dbtools.crest.swingui.relational.DPVRelational" name="Relational_1" id="E89941E6-015B-2860-C11F-709DB990FF08">
<createdBy>esteb</createdBy>
<modifiedBy>esteb</modifiedBy>
<createdTime>2025-09-15 02:26:36 UTC</createdTime>
<autoRoute>false</autoRoute>
<boxInbox>true</boxInbox>
<showLegend>false</showLegend>
<showLabels>false</showLabels>
<showRelAttributes>false</showRelAttributes>
<gridEnabled>false</gridEnabled>
<showGrid>false</showGrid>
<diagramColor>-1</diagramColor>
<display>false</display>
<notation>1</notation>
<objectViews>
<OView class="oracle.dbtools.crest.swingui.relational.TVTable" oid="0666374B-BDB5-BB1E-0090-764C82490B30" otype="Table" vid="3E963B60-09BF-3052-AD88-BBF09932084F">
<hideElementsInCurrentOnly>false</hideElementsInCurrentOnly>
<bounds x="1654" y="400" width="306" height="71"/>
</OView>
<OView class="oracle.dbtools.crest.swingui.relational.TVTable" oid="0D305D90-BF2C-6B65-B868-4CDADBAF510D" otype="Table" vid="FC012B0E-F362-34CA-7D24-3AAB7356C7E6">
<hideElementsInCurrentOnly>false</hideElementsInCurrentOnly>
<bounds x="248" y="311" width="609" height="127"/>
</OView>
<OView class="oracle.dbtools.crest.swingui.relational.TVTable" oid="0D87F8B6-CA76-2B5D-857C-A0CD9C2F14D1" otype="Table" vid="1139B669-F013-68D0-61C5-C03331DCCD8D">
<hideElementsInCurrentOnly>false</hideElementsInCurrentOnly>
<bounds x="0" y="531" width="277" height="93"/>
</OView>
<OView class="oracle.dbtools.crest.swingui.relational.TVTable" oid="1D2B3ABF-FCF6-D150-2407-D5A3D1F0700A" otype="Table" vid="34AFA1B4-8DC8-DE44-0C57-5BCD41B3B5A4">
<hideElementsInCurrentOnly>false</hideElementsInCurrentOnly>
<bounds x="408" y="506" width="416" height="285"/>
</OView>
<OView class="oracle.dbtools.crest.swingui.relational.TVTable" oid="2188C730-38C5-2327-DD52-3E9BC9C43A72" otype="Table" vid="5BD1F479-3EC3-59A0-4A74-50725566F6EB">
<hideElementsInCurrentOnly>false</hideElementsInCurrentOnly>
<bounds x="981" y="662" width="317" height="89"/>
</OView>
<OView class="oracle.dbtools.crest.swingui.relational.TVTable" oid="237011DB-83CA-AE5F-03E5-39B15EAC090A" otype="Table" vid="D534F02E-7A7E-7C9E-3488-35E5EE429528">
<hideElementsInCurrentOnly>false</hideElementsInCurrentOnly>
<bounds x="1374" y="259" width="228" height="92"/>
</OView>
<OView class="oracle.dbtools.crest.swingui.relational.TVTable" oid="3BBF83D6-6715-63C3-EDE2-3A10667CD41A" otype="Table" vid="5825D577-C595-1307-5BA7-9D28BED46D60">
<hideElementsInCurrentOnly>false</hideElementsInCurrentOnly>
<bounds x="196" y="9" width="190" height="71"/>
</OView>
<OView class="oracle.dbtools.crest.swingui.relational.TVTable" oid="41D23380-F94A-88C4-DE9E-5CF5E4125BA9" otype="Table" vid="F09C61D3-5E62-5671-6114-0F89D1DF7C25">
<hideElementsInCurrentOnly>false</hideElementsInCurrentOnly>
<bounds x="1963" y="45" width="219" height="99"/>
</OView>
<OView class="oracle.dbtools.crest.swingui.relational.TVTable" oid="4C923918-D8C8-89BC-A00E-060BD1D0A955" otype="Table" vid="C2E431CB-0EB4-6B8C-D843-EECBE3437CC1">
<hideElementsInCurrentOnly>false</hideElementsInCurrentOnly>
<bounds x="8" y="393" width="223" height="87"/>
</OView>
<OView class="oracle.dbtools.crest.swingui.relational.TVTable" oid="5683C5A5-3E77-0EFA-57BE-278A29DD6544" otype="Table" vid="5BE11CE1-9527-68B7-7701-17E104709484">
<hideElementsInCurrentOnly>false</hideElementsInCurrentOnly>
<bounds x="1688" y="54" width="285" height="112"/>
</OView>
<OView class="oracle.dbtools.crest.swingui.relational.TVTable" oid="7836A60E-86BD-D737-5BA5-E8FADEEFD1D2" otype="Table" vid="E6B4F31E-6CFE-D149-8C97-BCAB02786730">
<hideElementsInCurrentOnly>false</hideElementsInCurrentOnly>
<bounds x="915" y="86" width="436" height="281"/>
</OView>
<OView class="oracle.dbtools.crest.swingui.relational.TVTable" oid="7F2E52DF-7AE4-CCDF-49C3-ECB5EF0C45C3" otype="Table" vid="623E048D-C1D3-4208-5D1F-60F8A77793BC">
<hideElementsInCurrentOnly>false</hideElementsInCurrentOnly>
<bounds x="425" y="0" width="446" height="135"/>
</OView>
<OView class="oracle.dbtools.crest.swingui.relational.TVTable" oid="8F179B00-DFCA-450C-D2A8-8388678670EA" otype="Table" vid="398F681C-B1F5-BEDD-0604-E19E497752C4">
<hideElementsInCurrentOnly>false</hideElementsInCurrentOnly>
<bounds x="119" y="879" width="440" height="141"/>
</OView>
<OView class="oracle.dbtools.crest.swingui.relational.TVTable" oid="AD253441-06BD-4805-4C26-83EF1CA9A8E4" otype="Table" vid="7595C2E8-5274-9F60-C303-6321E43DC476">
<hideElementsInCurrentOnly>false</hideElementsInCurrentOnly>
<bounds x="258" y="154" width="576" height="134"/>
</OView>
<OView class="oracle.dbtools.crest.swingui.relational.TVTable" oid="BC22E50D-88BD-8D82-CB33-C06F2223940E" otype="Table" vid="FF29D730-9703-BF64-7990-DF092510EB53">
<hideElementsInCurrentOnly>false</hideElementsInCurrentOnly>
<bounds x="1380" y="15" width="279" height="209"/>
</OView>
<OView class="oracle.dbtools.crest.swingui.relational.TVTable" oid="C84E00B4-8BE0-EB8D-4560-4BB6904784E4" otype="Table" vid="E01544C4-5D60-7280-8333-DACE1B07363C">
<hideElementsInCurrentOnly>false</hideElementsInCurrentOnly>
<bounds x="14" y="659" width="204" height="102"/>
</OView>
<OView class="oracle.dbtools.crest.swingui.relational.TVTable" oid="DCBA211A-89FF-D167-3AAF-26AB005C565D" otype="Table" vid="F8707A77-EC69-6710-F68D-0984C0B53C1D">
<hideElementsInCurrentOnly>false</hideElementsInCurrentOnly>
<bounds x="10" y="68" width="174" height="107"/>
</OView>
<OView class="oracle.dbtools.crest.swingui.relational.TVTable" oid="EB0B405B-D846-2370-0E33-3D124C333F52" otype="Table" vid="5E054BCF-5BCF-C408-75DD-79404F73C677">
<hideElementsInCurrentOnly>false</hideElementsInCurrentOnly>
<bounds x="2" y="215" width="219" height="114"/>
</OView>
<OView class="oracle.dbtools.crest.swingui.relational.TVTable" oid="F6EAA403-5B46-3265-5D34-763EBDE7CFC8" otype="Table" vid="C1A646A2-920C-DBD1-DB91-32E92A5877F4">
<hideElementsInCurrentOnly>false</hideElementsInCurrentOnly>
<bounds x="1360" y="388" width="195" height="119"/>
</OView>
</objectViews>
<connectors>
<Connector class="oracle.dbtools.crest.swingui.relational.TVFKRelation" oid="065DCCC6-9A87-8685-E3AE-701458835739" otype="FKIndexAssociation" vid_source="5BE11CE1-9527-68B7-7701-17E104709484" vid_target="FF29D730-9703-BF64-7990-DF092510EB53">
<hideElementsInCurrentOnly>false</hideElementsInCurrentOnly>
<backgroundColor>-16777216</backgroundColor>
<lineWidth>1</lineWidth>
<points>
<point x="1688" y="110"/>
<point x="1659" y="110"/>
</points>
</Connector>
<Connector class="oracle.dbtools.crest.swingui.relational.TVFKRelation" oid="1B2EC07A-5A21-2565-AEA4-7F46FA5570CD" otype="FKIndexAssociation" vid_source="F8707A77-EC69-6710-F68D-0984C0B53C1D" vid_target="7595C2E8-5274-9F60-C303-6321E43DC476">
<hideElementsInCurrentOnly>false</hideElementsInCurrentOnly>
<backgroundColor>-16777216</backgroundColor>
<lineWidth>1</lineWidth>
<points>
<point x="184" y="164"/>
<point x="258" y="164"/>
</points>
</Connector>
<Connector class="oracle.dbtools.crest.swingui.relational.TVFKRelation" oid="34BCF84B-94A7-D4A0-0A17-8CCA74B70C08" otype="FKIndexAssociation" vid_source="34AFA1B4-8DC8-DE44-0C57-5BCD41B3B5A4" vid_target="E6B4F31E-6CFE-D149-8C97-BCAB02786730">
<hideElementsInCurrentOnly>false</hideElementsInCurrentOnly>
<backgroundColor>-16777216</backgroundColor>
<lineWidth>1</lineWidth>
<points>
<point x="790" y="506"/>
<point x="960" y="367"/>
</points>
</Connector>
<Connector class="oracle.dbtools.crest.swingui.relational.TVFKRelation" oid="3EB95DD4-12DA-B1D7-AECE-18903F0DAD7E" otype="FKIndexAssociation" vid_source="E01544C4-5D60-7280-8333-DACE1B07363C" vid_target="398F681C-B1F5-BEDD-0604-E19E497752C4">
<hideElementsInCurrentOnly>false</hideElementsInCurrentOnly>
<backgroundColor>-16777216</backgroundColor>
<lineWidth>1</lineWidth>
<points>
<point x="168" y="761"/>
<point x="168" y="879"/>
</points>
</Connector>
<Connector class="oracle.dbtools.crest.swingui.relational.TVFKRelation" oid="48460F18-FB16-9070-DD72-151BE62961AB" otype="FKIndexAssociation" vid_source="34AFA1B4-8DC8-DE44-0C57-5BCD41B3B5A4" vid_target="398F681C-B1F5-BEDD-0604-E19E497752C4">
<hideElementsInCurrentOnly>false</hideElementsInCurrentOnly>
<backgroundColor>-16777216</backgroundColor>
<lineWidth>1</lineWidth>
<points>
<point x="483" y="791"/>
<point x="483" y="879"/>
</points>
</Connector>
<Connector class="oracle.dbtools.crest.swingui.relational.TVFKRelation" oid="57544AD2-F239-5B8B-64C9-952E1CB1E7EC" otype="FKIndexAssociation" vid_source="1139B669-F013-68D0-61C5-C03331DCCD8D" vid_target="34AFA1B4-8DC8-DE44-0C57-5BCD41B3B5A4">
<hideElementsInCurrentOnly>false</hideElementsInCurrentOnly>
<backgroundColor>-16777216</backgroundColor>
<lineWidth>1</lineWidth>
<points>
<point x="277" y="577"/>
<point x="408" y="577"/>
</points>
</Connector>
<Connector class="oracle.dbtools.crest.swingui.relational.TVFKRelation" oid="60E7F17C-CB5F-D0D2-5D67-BCDA9FB909C9" otype="FKIndexAssociation" vid_source="E6B4F31E-6CFE-D149-8C97-BCAB02786730" vid_target="7595C2E8-5274-9F60-C303-6321E43DC476">
<hideElementsInCurrentOnly>false</hideElementsInCurrentOnly>
<backgroundColor>-16777216</backgroundColor>
<lineWidth>1</lineWidth>
<points>
<point x="915" y="221"/>
<point x="834" y="221"/>
</points>
</Connector>
<Connector class="oracle.dbtools.crest.swingui.relational.TVFKRelation" oid="6D324BC6-2346-3F02-262B-413E232654C7" otype="FKIndexAssociation" vid_source="5825D577-C595-1307-5BA7-9D28BED46D60" vid_target="E6B4F31E-6CFE-D149-8C97-BCAB02786730">
<hideElementsInCurrentOnly>false</hideElementsInCurrentOnly>
<backgroundColor>-16777216</backgroundColor>
<lineWidth>1</lineWidth>
<points>
<point x="386" y="65"/>
<point x="915" y="179"/>
</points>
</Connector>
<Connector class="oracle.dbtools.crest.swingui.relational.TVFKRelation" oid="72AE1A26-902D-170A-E62A-8214FD1AB548" otype="FKIndexAssociation" vid_source="C1A646A2-920C-DBD1-DB91-32E92A5877F4" vid_target="E6B4F31E-6CFE-D149-8C97-BCAB02786730">
<hideElementsInCurrentOnly>false</hideElementsInCurrentOnly>
<backgroundColor>-16777216</backgroundColor>
<lineWidth>1</lineWidth>
<points>
<point x="1370" y="388"/>
<point x="1339" y="367"/>
</points>
</Connector>
<Connector class="oracle.dbtools.crest.swingui.relational.TVFKRelation" oid="8947F451-5614-6617-C4C7-1CBC2EC56357" otype="FKIndexAssociation" vid_source="E6B4F31E-6CFE-D149-8C97-BCAB02786730" vid_target="623E048D-C1D3-4208-5D1F-60F8A77793BC">
<hideElementsInCurrentOnly>false</hideElementsInCurrentOnly>
<backgroundColor>-16777216</backgroundColor>
<lineWidth>1</lineWidth>
<points>
<point x="915" y="110"/>
<point x="871" y="110"/>
</points>
</Connector>
<Connector class="oracle.dbtools.crest.swingui.relational.TVFKRelation" oid="996361B7-E22D-6C93-1CDE-3D555FDD4BA3" otype="FKIndexAssociation" vid_source="E6B4F31E-6CFE-D149-8C97-BCAB02786730" vid_target="FC012B0E-F362-34CA-7D24-3AAB7356C7E6">
<hideElementsInCurrentOnly>false</hideElementsInCurrentOnly>
<backgroundColor>-16777216</backgroundColor>
<lineWidth>1</lineWidth>
<points>
<point x="915" y="339"/>
<point x="857" y="339"/>
</points>
</Connector>
<Connector class="oracle.dbtools.crest.swingui.relational.TVFKRelation" oid="A663E62C-362F-B015-30E5-A48409B07640" otype="FKIndexAssociation" vid_source="D534F02E-7A7E-7C9E-3488-35E5EE429528" vid_target="FF29D730-9703-BF64-7990-DF092510EB53">
<hideElementsInCurrentOnly>false</hideElementsInCurrentOnly>
<backgroundColor>-16777216</backgroundColor>
<lineWidth>1</lineWidth>
<points>
<point x="1491" y="259"/>
<point x="1491" y="224"/>
</points>
</Connector>
<Connector class="oracle.dbtools.crest.swingui.relational.TVFKRelation" oid="BB8D5B45-095D-7247-A6EB-4FBFB379814A" otype="FKIndexAssociation" vid_source="C1A646A2-920C-DBD1-DB91-32E92A5877F4" vid_target="3E963B60-09BF-3052-AD88-BBF09932084F">
<hideElementsInCurrentOnly>false</hideElementsInCurrentOnly>
<backgroundColor>-16777216</backgroundColor>
<lineWidth>1</lineWidth>
<points>
<point x="1555" y="435"/>
<point x="1654" y="435"/>
</points>
</Connector>
<Connector class="oracle.dbtools.crest.swingui.relational.TVFKRelation" oid="C1BCADF1-FA53-0055-7833-85941385A406" otype="FKIndexAssociation" vid_source="F09C61D3-5E62-5671-6114-0F89D1DF7C25" vid_target="5BE11CE1-9527-68B7-7701-17E104709484">
<hideElementsInCurrentOnly>false</hideElementsInCurrentOnly>
<backgroundColor>-16777216</backgroundColor>
<lineWidth>1</lineWidth>
<points>
<point x="1963" y="99"/>
<point x="1973" y="99"/>
</points>
</Connector>
<Connector class="oracle.dbtools.crest.swingui.relational.TVFKRelation" oid="C3B3E54E-8A4E-4624-83BC-FFD13141F862" otype="FKIndexAssociation" vid_source="C2E431CB-0EB4-6B8C-D843-EECBE3437CC1" vid_target="34AFA1B4-8DC8-DE44-0C57-5BCD41B3B5A4">
<hideElementsInCurrentOnly>false</hideElementsInCurrentOnly>
<backgroundColor>-16777216</backgroundColor>
<lineWidth>1</lineWidth>
<points>
<point x="221" y="480"/>
<point x="408" y="559"/>
</points>
</Connector>
<Connector class="oracle.dbtools.crest.swingui.relational.TVFKRelation" oid="C45AE05D-286E-5C56-2D31-F9D56339961D" otype="FKIndexAssociation" vid_source="5BD1F479-3EC3-59A0-4A74-50725566F6EB" vid_target="34AFA1B4-8DC8-DE44-0C57-5BCD41B3B5A4">
<hideElementsInCurrentOnly>false</hideElementsInCurrentOnly>
<backgroundColor>-16777216</backgroundColor>
<lineWidth>1</lineWidth>
<points>
<point x="981" y="706"/>
<point x="824" y="706"/>
</points>
</Connector>
<Connector class="oracle.dbtools.crest.swingui.relational.TVFKRelation" oid="D1451F4F-DDB3-15B4-86F9-35C67097EA99" otype="FKIndexAssociation" vid_source="FF29D730-9703-BF64-7990-DF092510EB53" vid_target="E6B4F31E-6CFE-D149-8C97-BCAB02786730">
<hideElementsInCurrentOnly>false</hideElementsInCurrentOnly>
<backgroundColor>-16777216</backgroundColor>
<lineWidth>1</lineWidth>
<points>
<point x="1380" y="155"/>
<point x="1351" y="155"/>
</points>
</Connector>
<Connector class="oracle.dbtools.crest.swingui.relational.TVFKRelation" oid="E41602EE-BAA8-F7C8-C697-02EB72CFA141" otype="FKIndexAssociation" vid_source="5E054BCF-5BCF-C408-75DD-79404F73C677" vid_target="FC012B0E-F362-34CA-7D24-3AAB7356C7E6">
<hideElementsInCurrentOnly>false</hideElementsInCurrentOnly>
<backgroundColor>-16777216</backgroundColor>
<lineWidth>1</lineWidth>
<points>
<point x="221" y="320"/>
<point x="248" y="320"/>
</points>
</Connector>
<Connector class="oracle.dbtools.crest.swingui.relational.TVFKRelation" oid="ED7D9B58-E286-5F7F-E996-C5013D02F8F5" otype="FKIndexAssociation" vid_source="34AFA1B4-8DC8-DE44-0C57-5BCD41B3B5A4" vid_target="34AFA1B4-8DC8-DE44-0C57-5BCD41B3B5A4">
<hideElementsInCurrentOnly>false</hideElementsInCurrentOnly>
<backgroundColor>-16777216</backgroundColor>
<lineWidth>1</lineWidth>
<points>
<point x="597" y="506"/>
<point x="597" y="587"/>
<point x="597" y="670"/>
<point x="504" y="670"/>
<point x="504" y="688"/>
</points>
</Connector>
</connectors>
</Diagram>
